trial_type	image_path	onset	offset	block	task_version	category	subcategory	image_num	block_trial	duration	target	reaction_time	task
stimuli	/scratch/neuromod/src/task_stimuli/data/fLoc/.git/annex/objects/xv/6q/MD5E-s127092--c38a0f03b9c99d1d12af96b354e74d8e.jpg/MD5E-s127092--c38a0f03b9c99d1d12af96b354e74d8e.jpg	6.468083026993553	6.8687885149847725	0.0	alt	characters	word	word-xx.jpg	0.0	0.4007054879912175	False		
stimuli	/scratch/neuromod/src/task_stimuli/data/fLoc/stimuli/word/word-136.jpg	6.967649040976538	7.367644054989795	0.0	alt	characters	word	word-136.jpg	1.0	0.3999950140132569	False		
stimuli	/scratch/neuromod/src/task_stimuli/data/fLoc/.git/annex/objects/18/XM/MD5E-s117300--8086479566ac486a77f034f8607ab379.jpg/MD5E-s117300--8086479566ac486a77f034f8607ab379.jpg	7.468665323976892	7.868811634980375	0.0	alt	characters	word	word-xx.jpg	2.0	0.400146311003482	False		
stimuli	/scratch/neuromod/src/task_stimuli/data/fLoc/.git/annex/objects/jV/7V/MD5E-s146590--be9222b075b3fb814c7628da0808fc1d.jpg/MD5E-s146590--be9222b075b3fb814c7628da0808fc1d.jpg	7.968735103990184	8.368698305974249	0.0	alt	characters	word	word-xx.jpg	3.0	0.3999632019840647	False		
stimuli	/scratch/neuromod/src/task_stimuli/data/fLoc/.git/annex/objects/ww/Kj/MD5E-s113279--6059794e6d8b2c85f15f17fb88846eca.jpg/MD5E-s113279--6059794e6d8b2c85f15f17fb88846eca.jpg	8.45027868199395	8.851764449995244	0.0	alt	characters	word	word-xx.jpg	4.0	0.40148576800129376	False		
stimuli	/scratch/neuromod/src/task_stimuli/data/fLoc/stimuli/word/word-2.jpg	8.950978098990163	9.350266439985717	0.0	alt	characters	word	word-2.jpg	5.0	0.3992883409955539	False		
stimuli	/scratch/neuromod/src/task_stimuli/data/fLoc/.git/annex/objects/Wp/z1/MD5E-s107201--aaa80a7e6f6dcd495330039b1695ca45.jpg/MD5E-s107201--aaa80a7e6f6dcd495330039b1695ca45.jpg	9.451413725997556	9.851700323983096	0.0	alt	characters	word	word-xx.jpg	6.0	0.4002865979855415	False		
stimuli	/scratch/neuromod/src/task_stimuli/data/fLoc/.git/annex/objects/QJ/KP/MD5E-s101606--1078e9089ad07808d61c3f98e58a9c50.jpg/MD5E-s101606--1078e9089ad07808d61c3f98e58a9c50.jpg	9.951551874983123	10.352001049992397	0.0	alt	characters	word	word-xx.jpg	7.0	0.4004491750092711	False		
stimuli	/scratch/neuromod/src/task_stimuli/data/fLoc/.git/annex/objects/X9/Zv/MD5E-s134395--f183ba6cf1171599bceeb17d8efa2431.jpg/MD5E-s134395--f183ba6cf1171599bceeb17d8efa2431.jpg	10.434237627981927	10.836058331973618	0.0	alt	characters	word	word-xx.jpg	8.0	0.4018207039916888	False		
stimuli	/scratch/neuromod/src/task_stimuli/data/fLoc/.git/annex/objects/0p/Pj/MD5E-s134390--13f47c4928f381d745fb1e9a4eb9a96d.jpg/MD5E-s134390--13f47c4928f381d745fb1e9a4eb9a96d.jpg	10.934865180985069	11.335299241996836	0.0	alt	characters	word	word-xx.jpg	9.0	0.4004340610117652	False		
stimuli	/scratch/neuromod/src/task_stimuli/data/fLoc/.git/annex/objects/0p/Pj/MD5E-s134390--13f47c4928f381d745fb1e9a4eb9a96d.jpg/MD5E-s134390--13f47c4928f381d745fb1e9a4eb9a96d.jpg	11.434231155988526	11.834786264982538	0.0	alt	characters	word	word-xx.jpg	10.0	0.4005551089940127	True		
stimuli	/scratch/neuromod/src/task_stimuli/data/fLoc/stimuli/word/word-79.jpg	11.93541818499216	12.334894548985176	0.0	alt	characters	word	word-79.jpg	11.0	0.399476363993017	False		
keypress		12.043871691974347			alt							0.6096405359858181	OneBack
stimuli	/scratch/neuromod/src/task_stimuli/data/fLoc/.git/annex/objects/kj/zM/MD5E-s114574--a8409dd3f3a727949b050ba5983cae08.jpg/MD5E-s114574--a8409dd3f3a727949b050ba5983cae08.jpg	12.434187708975516	12.834262491989648	1.0	alt	objects	instrument	instrument-xx.jpg	0.0	0.4000747830141336	False		
stimuli	/scratch/neuromod/src/task_stimuli/data/fLoc/.git/annex/objects/66/vP/MD5E-s158645--11406780f4d0824666e44251e29a581a.jpg/MD5E-s158645--11406780f4d0824666e44251e29a581a.jpg	12.933625779987779	13.335132249980235	1.0	alt	objects	instrument	instrument-xx.jpg	1.0	0.4015064699924551	False		
stimuli	/scratch/neuromod/src/task_stimuli/data/fLoc/.git/annex/objects/VW/7g/MD5E-s119775--dc2fc5b2aa82999bf7f20e745cd2be4f.jpg/MD5E-s119775--dc2fc5b2aa82999bf7f20e745cd2be4f.jpg	13.41640196897788	13.817801888973918	1.0	alt	objects	instrument	instrument-xx.jpg	2.0	0.4013999199960381	False		
stimuli	/scratch/neuromod/src/task_stimuli/data/fLoc/.git/annex/objects/VW/7g/MD5E-s119775--dc2fc5b2aa82999bf7f20e745cd2be4f.jpg/MD5E-s119775--dc2fc5b2aa82999bf7f20e745cd2be4f.jpg	13.918567983986573	14.317483648977941	1.0	alt	objects	instrument	instrument-xx.jpg	3.0	0.3989156649913639	True		
stimuli	/scratch/neuromod/src/task_stimuli/data/fLoc/.git/annex/objects/12/Zk/MD5E-s115405--e6c06b48ffd17d05fd9e62a54db66216.jpg/MD5E-s115405--e6c06b48ffd17d05fd9e62a54db66216.jpg	14.417478866002055	14.81835174598382	1.0	alt	objects	instrument	instrument-xx.jpg	4.0	0.4008728799817618	False		
keypress		14.443686193990288			alt							0.5251182100037113	OneBack
stimuli	/scratch/neuromod/src/task_stimuli/data/fLoc/.git/annex/objects/K7/70/MD5E-s142163--8a66d3fb92361432b5fdd0dbb4f0e1ab.jpg/MD5E-s142163--8a66d3fb92361432b5fdd0dbb4f0e1ab.jpg	14.917468762985663	15.317950367985759	1.0	alt	objects	instrument	instrument-xx.jpg	5.0	0.40048160500009533	False		
stimuli	/scratch/neuromod/src/task_stimuli/data/fLoc/.git/annex/objects/qJ/3G/MD5E-s104476--ee8ed17c85c51653e62d0114a0d7a798.jpg/MD5E-s104476--ee8ed17c85c51653e62d0114a0d7a798.jpg	15.418066478974652	15.818554630997825	1.0	alt	objects	instrument	instrument-xx.jpg	6.0	0.40048815202317206	False		
stimuli	/scratch/neuromod/src/task_stimuli/data/fLoc/.git/annex/objects/kk/jw/MD5E-s117692--2d48d6744ec8565c3ddaa6bca6ce108e.jpg/MD5E-s117692--2d48d6744ec8565c3ddaa6bca6ce108e.jpg	15.900715183001013	16.300815991999116	1.0	alt	objects	instrument	instrument-xx.jpg	7.0	0.4001008089981042	False		
stimuli	/scratch/neuromod/src/task_stimuli/data/fLoc/stimuli/instrument/instrument-64.jpg	16.400780171999937	16.801699891977478	1.0	alt	objects	instrument	instrument-64.jpg	8.0	0.4009197199775372	False		
stimuli	/scratch/neuromod/src/task_stimuli/data/fLoc/.git/annex/objects/vq/zF/MD5E-s127342--0c16762473b0e305d920a41dd5387507.jpg/MD5E-s127342--0c16762473b0e305d920a41dd5387507.jpg	16.90079964097822	17.300109751988202	1.0	alt	objects	instrument	instrument-xx.jpg	9.0	0.3993101110099815	False		
stimuli	/scratch/neuromod/src/task_stimuli/data/fLoc/.git/annex/objects/K5/94/MD5E-s146609--03d14d97c570b6ac7b36e0e4e064c7fc.jpg/MD5E-s146609--03d14d97c570b6ac7b36e0e4e064c7fc.jpg	17.401439446985027	17.800704599998426	1.0	alt	objects	instrument	instrument-xx.jpg	10.0	0.3992651530134026	False		
stimuli	/scratch/neuromod/src/task_stimuli/data/fLoc/.git/annex/objects/WZ/55/MD5E-s114915--2296e8f7afeae799a09d1edc8761cafa.jpg/MD5E-s114915--2296e8f7afeae799a09d1edc8761cafa.jpg	17.88405322199105	18.284426979982527	1.0	alt	objects	instrument	instrument-xx.jpg	11.0	0.4003737579914741	False		
stimuli	/scratch/neuromod/src/task_stimuli/data/fLoc/stimuli/corridor/corridor-29.jpg	18.384500052983643	18.783946510986425	2.0	alt	places	corridor	corridor-29.jpg	0.0	0.3994464580027852	False		
stimuli	/scratch/neuromod/src/task_stimuli/data/fLoc/.git/annex/objects/PX/J9/MD5E-s101799--f5ae2c36835388fd708546f51b7ceb0e.jpg/MD5E-s101799--f5ae2c36835388fd708546f51b7ceb0e.jpg	18.88508678297512	19.284070096997308	2.0	alt	places	corridor	corridor-xx.jpg	1.0	0.39898331402218895	False		
stimuli	/scratch/neuromod/src/task_stimuli/data/fLoc/.git/annex/objects/Wf/4J/MD5E-s111768--55738ee01e144f2bb21a26ee32c580cd.jpg/MD5E-s111768--55738ee01e144f2bb21a26ee32c580cd.jpg	19.384022060985448	19.783338160981653	2.0	alt	places	corridor	corridor-xx.jpg	2.0	0.3993160999962129	False		
stimuli	/scratch/neuromod/src/task_stimuli/data/fLoc/.git/annex/objects/m8/kX/MD5E-s135367--62b1157213a77fabcbe22de8a6e3037a.jpg/MD5E-s135367--62b1157213a77fabcbe22de8a6e3037a.jpg	19.88479227799689	20.28339873100049	2.0	alt	places	corridor	corridor-xx.jpg	3.0	0.39860645300359465	False		
stimuli	/scratch/neuromod/src/task_stimuli/data/fLoc/stimuli/corridor/corridor-82.jpg	20.38462072997936	20.785892278974647	2.0	alt	places	corridor	corridor-82.jpg	4.0	0.4012715489952825	False		
stimuli	/scratch/neuromod/src/task_stimuli/data/fLoc/stimuli/corridor/corridor-43.jpg	20.867828777991235	21.26872240699595	2.0	alt	places	corridor	corridor-43.jpg	5.0	0.4008936290047132	False		
stimuli	/scratch/neuromod/src/task_stimuli/data/fLoc/stimuli/corridor/corridor-42.jpg	21.369242310989648	21.768147226975998	2.0	alt	places	corridor	corridor-42.jpg	6.0	0.3989049159863498	False		
stimuli	/scratch/neuromod/src/task_stimuli/data/fLoc/.git/annex/objects/pX/w2/MD5E-s102420--5511678d090ad7815b5927926a655805.jpg/MD5E-s102420--5511678d090ad7815b5927926a655805.jpg	21.868386699992694	22.26818498398643	2.0	alt	places	corridor	corridor-xx.jpg	7.0	0.3997982839937322	False		
stimuli	/scratch/neuromod/src/task_stimuli/data/fLoc/.git/annex/objects/0P/QJ/MD5E-s141825--7e49499c38c67907f25a8edb32dca9fb.jpg/MD5E-s141825--7e49499c38c67907f25a8edb32dca9fb.jpg	22.367909004999085	22.770518414996328	2.0	alt	places	corridor	corridor-xx.jpg	8.0	0.4026094099972397	False		
stimuli	/scratch/neuromod/src/task_stimuli/data/fLoc/.git/annex/objects/xz/54/MD5E-s140257--915b7ed30eed0c8f9e1f0f693fa4cc4e.jpg/MD5E-s140257--915b7ed30eed0c8f9e1f0f693fa4cc4e.jpg	22.868281382980054	23.271152497996805	2.0	alt	places	corridor	corridor-xx.jpg	9.0	0.40287111501675105	False		
stimuli	/scratch/neuromod/src/task_stimuli/data/fLoc/.git/annex/objects/xg/0v/MD5E-s107709--678a71fb3ca768433ea838342bdfff5c.jpg/MD5E-s107709--678a71fb3ca768433ea838342bdfff5c.jpg	23.355417678976664	23.754138338001212	2.0	alt	places	corridor	corridor-xx.jpg	10.0	0.3987206590245478	False		
stimuli	/scratch/neuromod/src/task_stimuli/data/fLoc/.git/annex/objects/zf/68/MD5E-s100287--16b969c12a8ebf8c360998a828b5d052.jpg/MD5E-s100287--16b969c12a8ebf8c360998a828b5d052.jpg	23.852488908974923	24.25604476698209	2.0	alt	places	corridor	corridor-xx.jpg	11.0	0.4035558580071665	False		
stimuli	/scratch/neuromod/src/task_stimuli/data/fLoc/.git/annex/objects/vm/Ff/MD5E-s117813--5178a74c9d81757f4e367a7f2588ab38.jpg/MD5E-s117813--5178a74c9d81757f4e367a7f2588ab38.jpg	24.353248706989692	24.755338948976718	3.0	alt	faces	adult	adult-xx.jpg	0.0	0.40209024198702537	False		
stimuli	/scratch/neuromod/src/task_stimuli/data/fLoc/.git/annex/objects/Q7/9j/MD5E-s123717--446dc52e4eefc12b281fbc1840a990c5.jpg/MD5E-s123717--446dc52e4eefc12b281fbc1840a990c5.jpg	24.85420739999973	25.254088571993638	3.0	alt	faces	adult	adult-xx.jpg	1.0	0.3998811719939113	False		
stimuli	/scratch/neuromod/src/task_stimuli/data/fLoc/.git/annex/objects/26/kJ/MD5E-s130264--ce5e0576251dc5ba881b4ce11ed606a8.jpg/MD5E-s130264--ce5e0576251dc5ba881b4ce11ed606a8.jpg	25.336208849999817	25.73698980399059	3.0	alt	faces	adult	adult-xx.jpg	2.0	0.4007809539907612	False		
stimuli	/scratch/neuromod/src/task_stimuli/data/fLoc/stimuli/adult/adult-107.jpg	25.83917381698848	26.238325126993004	3.0	alt	faces	adult	adult-107.jpg	3.0	0.3991513100045268	False		
stimuli	/scratch/neuromod/src/task_stimuli/data/fLoc/.git/annex/objects/64/Vq/MD5E-s105418--f7c0974ffa0a33788df265be73e73a70.jpg/MD5E-s105418--f7c0974ffa0a33788df265be73e73a70.jpg	26.3382351929904	26.73888978999457	3.0	alt	faces	adult	adult-xx.jpg	4.0	0.40065459700417705	False		
stimuli	/scratch/neuromod/src/task_stimuli/data/fLoc/stimuli/adult/adult-141.jpg	26.835471586993666	27.23965689400211	3.0	alt	faces	adult	adult-141.jpg	5.0	0.4041853070084471	False		
stimuli	/scratch/neuromod/src/task_stimuli/data/fLoc/stimuli/adult/adult-94.jpg	27.335101885983022	27.738839757977985	3.0	alt	faces	adult	adult-94.jpg	6.0	0.4037378719949629	False		
stimuli	/scratch/neuromod/src/task_stimuli/data/fLoc/.git/annex/objects/zx/4M/MD5E-s126133--b44c2d9faffd462a12b553195ee23c26.jpg/MD5E-s126133--b44c2d9faffd462a12b553195ee23c26.jpg	27.83770875999471	28.236827759974407	3.0	alt	faces	adult	adult-xx.jpg	7.0	0.3991189999796916	False		
stimuli	/scratch/neuromod/src/task_stimuli/data/fLoc/.git/annex/objects/K1/w6/MD5E-s148089--9c549be913caed4bb0dce166e5857354.jpg/MD5E-s148089--9c549be913caed4bb0dce166e5857354.jpg	28.322268739982967	28.722895767976297	3.0	alt	faces	adult	adult-xx.jpg	8.0	0.4006270279933233	False		
stimuli	/scratch/neuromod/src/task_stimuli/data/fLoc/.git/annex/objects/V9/F1/MD5E-s111368--aa8086266e62ef94b6ba68a17eea25f1.jpg/MD5E-s111368--aa8086266e62ef94b6ba68a17eea25f1.jpg	28.822418347001076	29.21879617997911	3.0	alt	faces	adult	adult-xx.jpg	9.0	0.3963778329780325	False		
stimuli	/scratch/neuromod/src/task_stimuli/data/fLoc/.git/annex/objects/p3/5f/MD5E-s120281--ebe04ec5a3654e523913e78080657365.jpg/MD5E-s120281--ebe04ec5a3654e523913e78080657365.jpg	29.32278007999412	29.7214838359796	3.0	alt	faces	adult	adult-xx.jpg	10.0	0.3987037559854798	False		
stimuli	/scratch/neuromod/src/task_stimuli/data/fLoc/.git/annex/objects/PF/vz/MD5E-s132457--eb94bfb2e45883c7a6092788c052f220.jpg/MD5E-s132457--eb94bfb2e45883c7a6092788c052f220.jpg	29.82075730498764	30.22098744197865	3.0	alt	faces	adult	adult-xx.jpg	11.0	0.4002301369910128	False		
rest		30.239543145988137		4.0	alt	baseline							
stimuli	/scratch/neuromod/src/task_stimuli/data/fLoc/stimuli/limb/limb-88.jpg	36.26813143599429	36.67264267397695	5.0	alt	bodies	limb	limb-88.jpg	0.0	0.4045112379826605	False		
stimuli	/scratch/neuromod/src/task_stimuli/data/fLoc/.git/annex/objects/g2/7Z/MD5E-s151929--fc431515983d82716ae04ae651d5057c.jpg/MD5E-s151929--fc431515983d82716ae04ae651d5057c.jpg	36.76763319197926	37.170767565985436	5.0	alt	bodies	limb	limb-xx.jpg	1.0	0.4031343740061857	False		
stimuli	/scratch/neuromod/src/task_stimuli/data/fLoc/.git/annex/objects/38/zz/MD5E-s128102--7a0c3309ed93c68d9694fa5d75a632f4.jpg/MD5E-s128102--7a0c3309ed93c68d9694fa5d75a632f4.jpg	37.270438156992896	37.6670949489926	5.0	alt	bodies	limb	limb-xx.jpg	2.0	0.3966567919997033	False		
stimuli	/scratch/neuromod/src/task_stimuli/data/fLoc/.git/annex/objects/Z8/mx/MD5E-s106656--735329415210c2fc4e2444c67bebd1c7.jpg/MD5E-s106656--735329415210c2fc4e2444c67bebd1c7.jpg	37.77018330199643	38.16847162897466	5.0	alt	bodies	limb	limb-xx.jpg	3.0	0.3982883269782178	False		
stimuli	/scratch/neuromod/src/task_stimuli/data/fLoc/.git/annex/objects/kw/gX/MD5E-s164246--37d7bfe2f9a3c1fb5849cf67cdfc7dbc.jpg/MD5E-s164246--37d7bfe2f9a3c1fb5849cf67cdfc7dbc.jpg	38.25571788498201	38.650919605977826	5.0	alt	bodies	limb	limb-xx.jpg	4.0	0.3952017209958285	False		
stimuli	/scratch/neuromod/src/task_stimuli/data/fLoc/.git/annex/objects/xW/kx/MD5E-s110773--626aeada2fe6b69326b936c64b833815.jpg/MD5E-s110773--626aeada2fe6b69326b936c64b833815.jpg	38.75411712899222	39.15465199798928	5.0	alt	bodies	limb	limb-xx.jpg	5.0	0.400534868997056	False		
stimuli	/scratch/neuromod/src/task_stimuli/data/fLoc/.git/annex/objects/p2/wP/MD5E-s128409--77002387ac9f8159e9a29dbe5cf2d313.jpg/MD5E-s128409--77002387ac9f8159e9a29dbe5cf2d313.jpg	39.255346306978026	39.6542784019839	5.0	alt	bodies	limb	limb-xx.jpg	6.0	0.39893209500587545	False		
stimuli	/scratch/neuromod/src/task_stimuli/data/fLoc/.git/annex/objects/wK/4Q/MD5E-s117147--af2945585c5e41ddb0231a6d11bee416.jpg/MD5E-s117147--af2945585c5e41ddb0231a6d11bee416.jpg	39.755157284002046	40.15521382598672	5.0	alt	bodies	limb	limb-xx.jpg	7.0	0.400056541984668	False		
stimuli	/scratch/neuromod/src/task_stimuli/data/fLoc/stimuli/limb/limb-72.jpg	40.2536931349896	40.638682861987036	5.0	alt	bodies	limb	limb-72.jpg	8.0	0.3849897269974463	False		
stimuli	/scratch/neuromod/src/task_stimuli/data/fLoc/.git/annex/objects/Zx/pV/MD5E-s103860--236e2e7578f9cf0ff995d0762b46e3b0.jpg/MD5E-s103860--236e2e7578f9cf0ff995d0762b46e3b0.jpg	40.75296891698963	41.137863921001546	5.0	alt	bodies	limb	limb-xx.jpg	9.0	0.38489500401192345	False		
stimuli	/scratch/neuromod/src/task_stimuli/data/fLoc/.git/annex/objects/qq/P0/MD5E-s100073--cfb8993ac8db27f5333b0fb64dd065f9.jpg/MD5E-s100073--cfb8993ac8db27f5333b0fb64dd065f9.jpg	41.23867991298903	41.637651375989655	5.0	alt	bodies	limb	limb-xx.jpg	10.0	0.3989714630006347	False		
stimuli	/scratch/neuromod/src/task_stimuli/data/fLoc/stimuli/limb/limb-120.jpg	41.734376181993866	42.13876704097493	5.0	alt	bodies	limb	limb-120.jpg	11.0	0.4043908589810599	False		
rest		42.155272184987545		6.0	alt	baseline							
stimuli	/scratch/neuromod/src/task_stimuli/data/fLoc/.git/annex/objects/f8/wJ/MD5E-s185876--82312f7d35f738d0f89aab4dddb7d06b.jpg/MD5E-s185876--82312f7d35f738d0f89aab4dddb7d06b.jpg	48.18551715399372	48.58862076498917	7.0	alt	characters	word	word-xx.jpg	0.0	0.4031036109954584	False		
stimuli	/scratch/neuromod/src/task_stimuli/data/fLoc/.git/annex/objects/zg/G8/MD5E-s147190--f92b5a42bd9c36a27dbab3fcfdeb8da4.jpg/MD5E-s147190--f92b5a42bd9c36a27dbab3fcfdeb8da4.jpg	48.68827741697896	49.08423766097985	7.0	alt	characters	word	word-xx.jpg	1.0	0.39596024400088936	False		
stimuli	/scratch/neuromod/src/task_stimuli/data/fLoc/.git/annex/objects/0p/Pj/MD5E-s134390--13f47c4928f381d745fb1e9a4eb9a96d.jpg/MD5E-s134390--13f47c4928f381d745fb1e9a4eb9a96d.jpg	49.18422742799157	49.58850340897334	7.0	alt	characters	word	word-xx.jpg	2.0	0.4042759809817653	False		
stimuli	/scratch/neuromod/src/task_stimuli/data/fLoc/stimuli/word/word-114.jpg	49.688357570994405	50.08446981399902	7.0	alt	characters	word	word-114.jpg	3.0	0.3961122430046089	False		
stimuli	/scratch/neuromod/src/task_stimuli/data/fLoc/.git/annex/objects/Jz/zX/MD5E-s144710--67100f2b4c64cdc9cfaa699570a3666b.jpg/MD5E-s144710--67100f2b4c64cdc9cfaa699570a3666b.jpg	50.188340459979365	50.586777340999106	7.0	alt	characters	word	word-xx.jpg	4.0	0.39843688101973385	False		
stimuli	/scratch/neuromod/src/task_stimuli/data/fLoc/.git/annex/objects/jm/Xv/MD5E-s108541--437e9db07e4f4b6dd4542151c44d464c.jpg/MD5E-s108541--437e9db07e4f4b6dd4542151c44d464c.jpg	50.67165855297935	51.071854524983785	7.0	alt	characters	word	word-xx.jpg	5.0	0.4001959720044397	False		
stimuli	/scratch/neuromod/src/task_stimuli/data/fLoc/stimuli/word/word-14.jpg	51.16776653498528	51.57070014000056	7.0	alt	characters	word	word-14.jpg	6.0	0.40293360501527786	False		
stimuli	/scratch/neuromod/src/task_stimuli/data/fLoc/.git/annex/objects/WM/Pw/MD5E-s168370--eeb23b38d7bdd2761510afd6d7befaf3.jpg/MD5E-s168370--eeb23b38d7bdd2761510afd6d7befaf3.jpg	51.670414234977216	52.067571600986405	7.0	alt	characters	word	word-xx.jpg	7.0	0.39715736600919627	False		
stimuli	/scratch/neuromod/src/task_stimuli/data/fLoc/.git/annex/objects/Pq/M8/MD5E-s109840--a3d9fb3eb1d8539eeb794f28d1be8620.jpg/MD5E-s109840--a3d9fb3eb1d8539eeb794f28d1be8620.jpg	52.1704925269878	52.570083598984645	7.0	alt	characters	word	word-xx.jpg	8.0	0.39959107199683785	False		
stimuli	/scratch/neuromod/src/task_stimuli/data/fLoc/.git/annex/objects/k3/8f/MD5E-s154547--3fd9d3aaca090f6c48052a1b027696bc.jpg/MD5E-s154547--3fd9d3aaca090f6c48052a1b027696bc.jpg	52.66941679597949	53.070050321985036	7.0	alt	characters	word	word-xx.jpg	9.0	0.40063352600554936	False		
stimuli	/scratch/neuromod/src/task_stimuli/data/fLoc/stimuli/word/word-111.jpg	53.15473234700039	53.5539531709801	7.0	alt	characters	word	word-111.jpg	10.0	0.3992208239797037	False		
stimuli	/scratch/neuromod/src/task_stimuli/data/fLoc/stimuli/word/word-129.jpg	53.653894432995	54.054532445996294	7.0	alt	characters	word	word-129.jpg	11.0	0.4006380130012985	False		
stimuli	/scratch/neuromod/src/task_stimuli/data/fLoc/stimuli/instrument/instrument-73.jpg	54.15477022397681	54.554327303980244	8.0	alt	objects	instrument	instrument-73.jpg	0.0	0.3995570800034329	False		
stimuli	/scratch/neuromod/src/task_stimuli/data/fLoc/.git/annex/objects/JM/wg/MD5E-s152192--21be5f5a1162348dd0f5e4d50064c916.jpg/MD5E-s152192--21be5f5a1162348dd0f5e4d50064c916.jpg	54.65076665699598	55.05384684097953	8.0	alt	objects	instrument	instrument-xx.jpg	1.0	0.4030801839835476	False		
stimuli	/scratch/neuromod/src/task_stimuli/data/fLoc/.git/annex/objects/66/42/MD5E-s106793--50dd525f66dc27975f638d5f998978cb.jpg/MD5E-s106793--50dd525f66dc27975f638d5f998978cb.jpg	55.15325687199947	55.53817093599355	8.0	alt	objects	instrument	instrument-xx.jpg	2.0	0.38491406399407424	False		
stimuli	/scratch/neuromod/src/task_stimuli/data/fLoc/.git/annex/objects/8m/96/MD5E-s135740--629d2855a045c94fe3a66868778b6164.jpg/MD5E-s135740--629d2855a045c94fe3a66868778b6164.jpg	55.6361820359889	56.03306492598495	8.0	alt	objects	instrument	instrument-xx.jpg	3.0	0.3968828899960499	False		
stimuli	/scratch/neuromod/src/task_stimuli/data/fLoc/.git/annex/objects/WW/p2/MD5E-s137981--339f4dbb4df89b5c9c1836e023cc5265.jpg/MD5E-s137981--339f4dbb4df89b5c9c1836e023cc5265.jpg	56.13764807998086	56.537297218979795	8.0	alt	objects	instrument	instrument-xx.jpg	4.0	0.3996491389989387	False		
stimuli	/scratch/neuromod/src/task_stimuli/data/fLoc/.git/annex/objects/f2/K6/MD5E-s124867--15ef9a191a41b8c16bac403b6318cee4.jpg/MD5E-s124867--15ef9a191a41b8c16bac403b6318cee4.jpg	56.634035373979714	57.037686441995895	8.0	alt	objects	instrument	instrument-xx.jpg	5.0	0.4036510680161882	False		
stimuli	/scratch/neuromod/src/task_stimuli/data/fLoc/stimuli/instrument/instrument-116.jpg	57.13831212199875	57.537523587001495	8.0	alt	objects	instrument	instrument-116.jpg	6.0	0.3992114650027361	False		
stimuli	/scratch/neuromod/src/task_stimuli/data/fLoc/.git/annex/objects/7p/Vp/MD5E-s150897--796ee3e74a69e9c3d1c54f3260aa8757.jpg/MD5E-s150897--796ee3e74a69e9c3d1c54f3260aa8757.jpg	57.63680287799798	58.036971485998954	8.0	alt	objects	instrument	instrument-xx.jpg	7.0	0.4001686080009677	False		
stimuli	/scratch/neuromod/src/task_stimuli/data/fLoc/.git/annex/objects/0G/Qx/MD5E-s147178--35e31bc1de4598c3605a504a0775d569.jpg/MD5E-s147178--35e31bc1de4598c3605a504a0775d569.jpg	58.1203169199871	58.522259151999606	8.0	alt	objects	instrument	instrument-xx.jpg	8.0	0.4019422320125159	False		
stimuli	/scratch/neuromod/src/task_stimuli/data/fLoc/.git/annex/objects/8W/GW/MD5E-s141349--cb9c75a639f5f00992a942414e712a76.jpg/MD5E-s141349--cb9c75a639f5f00992a942414e712a76.jpg	58.620820843992995	59.02168912699562	8.0	alt	objects	instrument	instrument-xx.jpg	9.0	0.4008682830026373	False		
stimuli	/scratch/neuromod/src/task_stimuli/data/fLoc/.git/annex/objects/0W/7f/MD5E-s134930--322c86b2434d6dd3102e27f17e868a2a.jpg/MD5E-s134930--322c86b2434d6dd3102e27f17e868a2a.jpg	59.1190990699979	59.51725227298448	8.0	alt	objects	instrument	instrument-xx.jpg	10.0	0.3981532029865775	False		
stimuli	/scratch/neuromod/src/task_stimuli/data/fLoc/stimuli/instrument/instrument-107.jpg	59.620169015979634	60.02201481198426	8.0	alt	objects	instrument	instrument-107.jpg	11.0	0.4018457960046362	False		
stimuli	/scratch/neuromod/src/task_stimuli/data/fLoc/stimuli/corridor/corridor-81.jpg	60.11901673499961	60.522055429988534	9.0	alt	places	corridor	corridor-81.jpg	0.0	0.4030386949889362	False		
stimuli	/scratch/neuromod/src/task_stimuli/data/fLoc/.git/annex/objects/6W/vq/MD5E-s133524--30971f8b0522872beb0d2c33001b8bf7.jpg/MD5E-s133524--30971f8b0522872beb0d2c33001b8bf7.jpg	60.60100093699293	61.00422091697692	9.0	alt	places	corridor	corridor-xx.jpg	1.0	0.4032199799839873	False		
stimuli	/scratch/neuromod/src/task_stimuli/data/fLoc/.git/annex/objects/Wz/k8/MD5E-s122177--263732c507ea814c9f3e6de60fcc99ef.jpg/MD5E-s122177--263732c507ea814c9f3e6de60fcc99ef.jpg	61.10482503697858	61.50482082998497	9.0	alt	places	corridor	corridor-xx.jpg	2.0	0.3999957930063829	False		
stimuli	/scratch/neuromod/src/task_stimuli/data/fLoc/.git/annex/objects/WM/G2/MD5E-s105271--128f58fadbfab28998033454d4ce0be6.jpg/MD5E-s105271--128f58fadbfab28998033454d4ce0be6.jpg	61.60367587200017	62.00484283798141	9.0	alt	places	corridor	corridor-xx.jpg	3.0	0.4011669659812469	False		
stimuli	/scratch/neuromod/src/task_stimuli/data/fLoc/.git/annex/objects/zM/z7/MD5E-s106036--60611432f78ad8e0b544f101cd03d480.jpg/MD5E-s106036--60611432f78ad8e0b544f101cd03d480.jpg	62.09954104799544	62.50441801498528	9.0	alt	places	corridor	corridor-xx.jpg	4.0	0.404876966989832	False		
stimuli	/scratch/neuromod/src/task_stimuli/data/fLoc/.git/annex/objects/9p/2J/MD5E-s138625--dda8c11957c8d7d8224a9c5c82c68088.jpg/MD5E-s138625--dda8c11957c8d7d8224a9c5c82c68088.jpg	62.603162710001925	62.9884761889989	9.0	alt	places	corridor	corridor-xx.jpg	5.0	0.3853134789969772	False		
stimuli	/scratch/neuromod/src/task_stimuli/data/fLoc/.git/annex/objects/9p/2J/MD5E-s138625--dda8c11957c8d7d8224a9c5c82c68088.jpg/MD5E-s138625--dda8c11957c8d7d8224a9c5c82c68088.jpg	63.1031196579861	63.488422771974	9.0	alt	places	corridor	corridor-xx.jpg	6.0	0.3853031139879022	True		
stimuli	/scratch/neuromod/src/task_stimuli/data/fLoc/.git/annex/objects/j8/0f/MD5E-s119457--dbf81f035965d6bf17148d053832de5a.jpg/MD5E-s119457--dbf81f035965d6bf17148d053832de5a.jpg	63.58709839399672	63.98745444498489	9.0	alt	places	corridor	corridor-xx.jpg	7.0	0.4003560509881936	False		
keypress		63.60419679799815			alt							0.5010771400120575	OneBack
stimuli	/scratch/neuromod/src/task_stimuli/data/fLoc/.git/annex/objects/Gv/W4/MD5E-s125972--29916167db3567b2110d4f311b1112f7.jpg/MD5E-s125972--29916167db3567b2110d4f311b1112f7.jpg	64.08320935498341	64.48612100799801	9.0	alt	places	corridor	corridor-xx.jpg	8.0	0.4029116530145984	False		
stimuli	/scratch/neuromod/src/task_stimuli/data/fLoc/.git/annex/objects/Z9/1m/MD5E-s153922--5356a4082fdfc661d4add98940f080c4.jpg/MD5E-s153922--5356a4082fdfc661d4add98940f080c4.jpg	64.5838624999742	64.98726808698848	9.0	alt	places	corridor	corridor-xx.jpg	9.0	0.4034055870142765	False		
stimuli	/scratch/neuromod/src/task_stimuli/data/fLoc/.git/annex/objects/vz/Wx/MD5E-s113959--3e08376a75da3f5818011ad802767761.jpg/MD5E-s113959--3e08376a75da3f5818011ad802767761.jpg	65.08642859300015	65.48767632397357	9.0	alt	places	corridor	corridor-xx.jpg	10.0	0.4012477309734095	False		
stimuli	/scratch/neuromod/src/task_stimuli/data/fLoc/stimuli/corridor/corridor-86.jpg	65.56916241798899	65.9708172440005	9.0	alt	places	corridor	corridor-86.jpg	11.0	0.4016548260115087	False		
stimuli	/scratch/neuromod/src/task_stimuli/data/fLoc/.git/annex/objects/Qw/Xq/MD5E-s104480--079b16e3a6f23bd8d67041fee2677287.jpg/MD5E-s104480--079b16e3a6f23bd8d67041fee2677287.jpg	66.0703926399874	66.47149128897581	10.0	alt	bodies	limb	limb-xx.jpg	0.0	0.40109864898840897	False		
stimuli	/scratch/neuromod/src/task_stimuli/data/fLoc/stimuli/limb/limb-107.jpg	66.57055456397939	66.97239736499614	10.0	alt	bodies	limb	limb-107.jpg	1.0	0.4018428010167554	False		
stimuli	/scratch/neuromod/src/task_stimuli/data/fLoc/.git/annex/objects/7Q/8W/MD5E-s154866--981d89366b0d0624dc6a024683ae38cc.jpg/MD5E-s154866--981d89366b0d0624dc6a024683ae38cc.jpg	67.0700244329928	67.47162257498712	10.0	alt	bodies	limb	limb-xx.jpg	2.0	0.4015981419943273	False		
stimuli	/scratch/neuromod/src/task_stimuli/data/fLoc/.git/annex/objects/Zx/pV/MD5E-s103860--236e2e7578f9cf0ff995d0762b46e3b0.jpg/MD5E-s103860--236e2e7578f9cf0ff995d0762b46e3b0.jpg	67.56917263698415	67.97009114499086	10.0	alt	bodies	limb	limb-xx.jpg	3.0	0.4009185080067255	False		
stimuli	/scratch/neuromod/src/task_stimuli/data/fLoc/.git/annex/objects/K6/f3/MD5E-s143367--6b2cda3147abc490a4c3d43687b247c5.jpg/MD5E-s143367--6b2cda3147abc490a4c3d43687b247c5.jpg	68.05465521800215	68.45509671798209	10.0	alt	bodies	limb	limb-xx.jpg	4.0	0.4004414999799337	False		
stimuli	/scratch/neuromod/src/task_stimuli/data/fLoc/.git/annex/objects/K6/f3/MD5E-s143367--6b2cda3147abc490a4c3d43687b247c5.jpg/MD5E-s143367--6b2cda3147abc490a4c3d43687b247c5.jpg	68.55229654000141	68.95435862298473	10.0	alt	bodies	limb	limb-xx.jpg	5.0	0.4020620829833206	True		
stimuli	/scratch/neuromod/src/task_stimuli/data/fLoc/.git/annex/objects/Pm/9j/MD5E-s115076--519a9e01de16b45deb595d61031cba8b.jpg/MD5E-s115076--519a9e01de16b45deb595d61031cba8b.jpg	69.05504498298978	69.455091944983	10.0	alt	bodies	limb	limb-xx.jpg	6.0	0.4000469619932119	False		
keypress		69.28297216998179			alt							0.7306756299803965	OneBack
stimuli	/scratch/neuromod/src/task_stimuli/data/fLoc/stimuli/limb/limb-136.jpg	69.55497399298474	69.9548326319782	10.0	alt	bodies	limb	limb-136.jpg	7.0	0.3998586389934644	False		
stimuli	/scratch/neuromod/src/task_stimuli/data/fLoc/.git/annex/objects/7x/QW/MD5E-s111141--a99e626069044e22f7ed28ec3aec6472.jpg/MD5E-s111141--a99e626069044e22f7ed28ec3aec6472.jpg	70.05098436499246	70.4532421149779	10.0	alt	bodies	limb	limb-xx.jpg	8.0	0.40225774998543773	False		
stimuli	/scratch/neuromod/src/task_stimuli/data/fLoc/.git/annex/objects/42/6M/MD5E-s179293--a9f2e4b068ba62845ad40e1fe38109ed.jpg/MD5E-s179293--a9f2e4b068ba62845ad40e1fe38109ed.jpg	70.5550298039743	70.95269409197498	10.0	alt	bodies	limb	limb-xx.jpg	9.0	0.3976642880006693	False		
stimuli	/scratch/neuromod/src/task_stimuli/data/fLoc/.git/annex/objects/78/gP/MD5E-s128190--70d0f32a28b3981a64811f3770e2f6cb.jpg/MD5E-s128190--70d0f32a28b3981a64811f3770e2f6cb.jpg	71.03730613799415	71.43741454198606	10.0	alt	bodies	limb	limb-xx.jpg	10.0	0.40010840399190784	False		
stimuli	/scratch/neuromod/src/task_stimuli/data/fLoc/.git/annex/objects/kJ/Fv/MD5E-s159422--a4850b0c43f7cd7300ade255a3c9dfee.jpg/MD5E-s159422--a4850b0c43f7cd7300ade255a3c9dfee.jpg	71.53710951199173	71.93736056197667	10.0	alt	bodies	limb	limb-xx.jpg	11.0	0.400251049984945	False		
stimuli	/scratch/neuromod/src/task_stimuli/data/fLoc/.git/annex/objects/gV/57/MD5E-s121917--f813fcc3b5aaa8d70c123f5bf6f95e9e.jpg/MD5E-s121917--f813fcc3b5aaa8d70c123f5bf6f95e9e.jpg	72.03432012599659	72.43699515899061	11.0	alt	faces	adult	adult-xx.jpg	0.0	0.4026750329940114	False		
stimuli	/scratch/neuromod/src/task_stimuli/data/fLoc/.git/annex/objects/gV/57/MD5E-s121917--f813fcc3b5aaa8d70c123f5bf6f95e9e.jpg/MD5E-s121917--f813fcc3b5aaa8d70c123f5bf6f95e9e.jpg	72.53619161900133	72.93575801097906	11.0	alt	faces	adult	adult-xx.jpg	1.0	0.3995663919777144	True		
stimuli	/scratch/neuromod/src/task_stimuli/data/fLoc/.git/annex/objects/5V/J0/MD5E-s121660--0b3b296b5e6a5b9faa5bc0f7043ca403.jpg/MD5E-s121660--0b3b296b5e6a5b9faa5bc0f7043ca403.jpg	73.02151669899467	73.42023771899403	11.0	alt	faces	adult	adult-xx.jpg	2.0	0.39872101999935694	False		
keypress		73.16703157499433			alt							0.6308399559929967	OneBack
stimuli	/scratch/neuromod/src/task_stimuli/data/fLoc/.git/annex/objects/vP/jf/MD5E-s126827--2e54891bc5fd272e9f83b9bc7d4ee163.jpg/MD5E-s126827--2e54891bc5fd272e9f83b9bc7d4ee163.jpg	73.51761207098025	73.91851273097564	11.0	alt	faces	adult	adult-xx.jpg	3.0	0.4009006599953864	False		
stimuli	/scratch/neuromod/src/task_stimuli/data/fLoc/.git/annex/objects/xP/W6/MD5E-s126257--ce289b89693b9ec555826971dd740634.jpg/MD5E-s126257--ce289b89693b9ec555826971dd740634.jpg	74.0215767310001	74.42116031699696	11.0	alt	faces	adult	adult-xx.jpg	4.0	0.3995835859968793	False		
stimuli	/scratch/neuromod/src/task_stimuli/data/fLoc/stimuli/adult/adult-43.jpg	74.51620211498813	74.92007388197817	11.0	alt	faces	adult	adult-43.jpg	5.0	0.4038717669900507	False		
stimuli	/scratch/neuromod/src/task_stimuli/data/fLoc/stimuli/adult/adult-50.jpg	75.02156310799181	75.41918416199043	11.0	alt	faces	adult	adult-50.jpg	6.0	0.3976210539985914	False		
stimuli	/scratch/neuromod/src/task_stimuli/data/fLoc/.git/annex/objects/Jg/0K/MD5E-s127585--ad4f7889199097f31a6edbcb9d226a6c.jpg/MD5E-s127585--ad4f7889199097f31a6edbcb9d226a6c.jpg	75.50372201099526	75.90405976498731	11.0	alt	faces	adult	adult-xx.jpg	7.0	0.4003377539920621	False		
stimuli	/scratch/neuromod/src/task_stimuli/data/fLoc/.git/annex/objects/mK/Zv/MD5E-s158385--a740283e6e6f1c79bab09f67787032f0.jpg/MD5E-s158385--a740283e6e6f1c79bab09f67787032f0.jpg	76.0044543319964	76.40436816398869	11.0	alt	faces	adult	adult-xx.jpg	8.0	0.3999138319923077	False		
stimuli	/scratch/neuromod/src/task_stimuli/data/fLoc/stimuli/adult/adult-56.jpg	76.50103148599737	76.90443031597533	11.0	alt	faces	adult	adult-56.jpg	9.0	0.4033988299779594	False		
stimuli	/scratch/neuromod/src/task_stimuli/data/fLoc/.git/annex/objects/Q7/9j/MD5E-s123717--446dc52e4eefc12b281fbc1840a990c5.jpg/MD5E-s123717--446dc52e4eefc12b281fbc1840a990c5.jpg	77.00378854799783	77.40033904300071	11.0	alt	faces	adult	adult-xx.jpg	10.0	0.3965504950028844	False		
stimuli	/scratch/neuromod/src/task_stimuli/data/fLoc/.git/annex/objects/vp/PQ/MD5E-s142968--231470824ba29997a36a775775e61637.jpg/MD5E-s142968--231470824ba29997a36a775775e61637.jpg	77.50065989198629	77.90323258397984	11.0	alt	faces	adult	adult-xx.jpg	11.0	0.4025726919935551	False		
rest		77.91725639297509		12.0	alt	baseline							
stimuli	/scratch/neuromod/src/task_stimuli/data/fLoc/.git/annex/objects/PX/21/MD5E-s100457--109e84a003af9bd960ddcdeb842b4ccf.jpg/MD5E-s100457--109e84a003af9bd960ddcdeb842b4ccf.jpg	83.9502268229844	84.35435984499055	13.0	alt	bodies	limb	limb-xx.jpg	0.0	0.4041330220061353	False		
keypress		78.24036150798202			alt							5.7041698889806876	OneBack
stimuli	/scratch/neuromod/src/task_stimuli/data/fLoc/stimuli/limb/limb-72.jpg	84.45053033297881	84.85275843599811	13.0	alt	bodies	limb	limb-72.jpg	1.0	0.4022281030192971	False		
stimuli	/scratch/neuromod/src/task_stimuli/data/fLoc/.git/annex/objects/j6/1p/MD5E-s133141--7a4924d8ee2e139e6063095ba4e48733.jpg/MD5E-s133141--7a4924d8ee2e139e6063095ba4e48733.jpg	84.95265390997521	85.35004938399652	13.0	alt	bodies	limb	limb-xx.jpg	2.0	0.397395474021323	False		
stimuli	/scratch/neuromod/src/task_stimuli/data/fLoc/.git/annex/objects/M3/v2/MD5E-s120838--9d59caa529a3685650904bc6abb5c35e.jpg/MD5E-s120838--9d59caa529a3685650904bc6abb5c35e.jpg	85.45001561497337	85.85255725399475	13.0	alt	bodies	limb	limb-xx.jpg	3.0	0.40254163902136497	False		
stimuli	/scratch/neuromod/src/task_stimuli/data/fLoc/stimuli/limb/limb-30.jpg	85.93833462399199	86.3364395449753	13.0	alt	bodies	limb	limb-30.jpg	4.0	0.3981049209833145	False		
stimuli	/scratch/neuromod/src/task_stimuli/data/fLoc/.git/annex/objects/W2/74/MD5E-s163799--e8ff00337b9fb94d1c53be3861cd8f6b.jpg/MD5E-s163799--e8ff00337b9fb94d1c53be3861cd8f6b.jpg	86.43517211699509	86.83340991497971	13.0	alt	bodies	limb	limb-xx.jpg	5.0	0.39823779798462056	False		
stimuli	/scratch/neuromod/src/task_stimuli/data/fLoc/.git/annex/objects/W2/74/MD5E-s163799--e8ff00337b9fb94d1c53be3861cd8f6b.jpg/MD5E-s163799--e8ff00337b9fb94d1c53be3861cd8f6b.jpg	86.93670526199276	87.33643579398633	13.0	alt	bodies	limb	limb-xx.jpg	6.0	0.3997305319935549	True		
stimuli	/scratch/neuromod/src/task_stimuli/data/fLoc/stimuli/limb/limb-93.jpg	87.43590440499247	87.83816672398825	13.0	alt	bodies	limb	limb-93.jpg	7.0	0.4022623189957813	False		
keypress		87.44404945298447			alt							0.5073441909917165	OneBack
stimuli	/scratch/neuromod/src/task_stimuli/data/fLoc/stimuli/limb/limb-113.jpg	87.9160586319922	88.32070492298227	13.0	alt	bodies	limb	limb-113.jpg	8.0	0.4046462909900583	False		
stimuli	/scratch/neuromod/src/task_stimuli/data/fLoc/.git/annex/objects/Gj/q2/MD5E-s112574--c3222e9119de77f7eba8e559fb840ad6.jpg/MD5E-s112574--c3222e9119de77f7eba8e559fb840ad6.jpg	88.41675787998247	88.81981371599251	13.0	alt	bodies	limb	limb-xx.jpg	9.0	0.4030558360100258	False		
stimuli	/scratch/neuromod/src/task_stimuli/data/fLoc/.git/annex/objects/P3/8G/MD5E-s162574--0038863e502d14374dd6bd520ea10bc4.jpg/MD5E-s162574--0038863e502d14374dd6bd520ea10bc4.jpg	88.92066000399063	89.31658252698254	13.0	alt	bodies	limb	limb-xx.jpg	10.0	0.3959225229918957	False		
stimuli	/scratch/neuromod/src/task_stimuli/data/fLoc/.git/annex/objects/VK/M2/MD5E-s119625--b90f5361ada43ed6eabfedd68c7a90ec.jpg/MD5E-s119625--b90f5361ada43ed6eabfedd68c7a90ec.jpg	89.4191389939806	89.81929529999614	13.0	alt	bodies	limb	limb-xx.jpg	11.0	0.4001563060155604	False		
stimuli	/scratch/neuromod/src/task_stimuli/data/fLoc/.git/annex/objects/1J/2G/MD5E-s127033--614cd7b423261db1c5facd7ad947dca8.jpg/MD5E-s127033--614cd7b423261db1c5facd7ad947dca8.jpg	89.91729969799053	90.31914546998449	14.0	alt	places	corridor	corridor-xx.jpg	0.0	0.4018457719939761	False		
stimuli	/scratch/neuromod/src/task_stimuli/data/fLoc/stimuli/corridor/corridor-135.jpg	90.39945520099718	90.80300959799206	14.0	alt	places	corridor	corridor-135.jpg	1.0	0.4035543969948776	False		
stimuli	/scratch/neuromod/src/task_stimuli/data/fLoc/stimuli/corridor/corridor-40.jpg	90.90396316398984	91.30013356599376	14.0	alt	places	corridor	corridor-40.jpg	2.0	0.39617040200391773	False		
stimuli	/scratch/neuromod/src/task_stimuli/data/fLoc/.git/annex/objects/7P/Fw/MD5E-s114704--8c58da0dc7211140cd72e1d57c28c9d8.jpg/MD5E-s114704--8c58da0dc7211140cd72e1d57c28c9d8.jpg	91.40379369497532	91.80314021397498	14.0	alt	places	corridor	corridor-xx.jpg	3.0	0.3993465189996641	False		
stimuli	/scratch/neuromod/src/task_stimuli/data/fLoc/stimuli/corridor/corridor-52.jpg	91.90001826899244	92.30476452197763	14.0	alt	places	corridor	corridor-52.jpg	4.0	0.4047462529852055	False		
stimuli	/scratch/neuromod/src/task_stimuli/data/fLoc/.git/annex/objects/Wf/P2/MD5E-s120448--23b184f47fe7e1a1f08b133a2aa401e0.jpg/MD5E-s120448--23b184f47fe7e1a1f08b133a2aa401e0.jpg	92.4023486149963	92.79982604997349	14.0	alt	places	corridor	corridor-xx.jpg	5.0	0.39747743497719057	False		
stimuli	/scratch/neuromod/src/task_stimuli/data/fLoc/.git/annex/objects/Wf/P2/MD5E-s120448--23b184f47fe7e1a1f08b133a2aa401e0.jpg/MD5E-s120448--23b184f47fe7e1a1f08b133a2aa401e0.jpg	92.90412724198539	93.30175614799371	14.0	alt	places	corridor	corridor-xx.jpg	6.0	0.3976289060083218	True		
stimuli	/scratch/neuromod/src/task_stimuli/data/fLoc/.git/annex/objects/gx/mF/MD5E-s104574--1821af8d683aa7d916bd44f73f46b35d.jpg/MD5E-s104574--1821af8d683aa7d916bd44f73f46b35d.jpg	93.38209408198601	93.78371197299566	14.0	alt	places	corridor	corridor-xx.jpg	7.0	0.40161789100966416	False		
keypress		93.3643772789801			alt							0.4602500369946938	OneBack
stimuli	/scratch/neuromod/src/task_stimuli/data/fLoc/.git/annex/objects/q8/1Q/MD5E-s123796--3f898885440bd05875cb5704b46523c5.jpg/MD5E-s123796--3f898885440bd05875cb5704b46523c5.jpg	93.88349056697916	94.28723079297924	14.0	alt	places	corridor	corridor-xx.jpg	8.0	0.40374022600008175	False		
stimuli	/scratch/neuromod/src/task_stimuli/data/fLoc/stimuli/corridor/corridor-91.jpg	94.38595114598866	94.78735484697971	14.0	alt	places	corridor	corridor-91.jpg	9.0	0.401403700991068	False		
stimuli	/scratch/neuromod/src/task_stimuli/data/fLoc/.git/annex/objects/v1/Qg/MD5E-s126169--2cb9596ea842c807458b1eb360534d6b.jpg/MD5E-s126169--2cb9596ea842c807458b1eb360534d6b.jpg	94.883073909994	95.2858374719799	14.0	alt	places	corridor	corridor-xx.jpg	10.0	0.4027635619859211	False		
stimuli	/scratch/neuromod/src/task_stimuli/data/fLoc/stimuli/corridor/corridor-25.jpg	95.36614309297876	95.76901843000088	14.0	alt	places	corridor	corridor-25.jpg	11.0	0.4028753370221239	False		
stimuli	/scratch/neuromod/src/task_stimuli/data/fLoc/.git/annex/objects/v1/K8/MD5E-s159620--d1ae9fcd2194d3e4c063451026348184.jpg/MD5E-s159620--d1ae9fcd2194d3e4c063451026348184.jpg	95.86814189498544	96.26543304297957	15.0	alt	characters	word	word-xx.jpg	0.0	0.3972911479941104	False		
stimuli	/scratch/neuromod/src/task_stimuli/data/fLoc/.git/annex/objects/5g/GJ/MD5E-s153560--6e8c9a8704000f6b9c612f565f07dc51.jpg/MD5E-s153560--6e8c9a8704000f6b9c612f565f07dc51.jpg	96.36674653098451	96.7689760439971	15.0	alt	characters	word	word-xx.jpg	1.0	0.4022295130125713	False		
stimuli	/scratch/neuromod/src/task_stimuli/data/fLoc/.git/annex/objects/g6/xK/MD5E-s144862--13f2d09b0e056f6bb4100725667a1a1a.jpg/MD5E-s144862--13f2d09b0e056f6bb4100725667a1a1a.jpg	96.86946308499321	97.2662445549795	15.0	alt	characters	word	word-xx.jpg	2.0	0.3967814699863084	False		
stimuli	/scratch/neuromod/src/task_stimuli/data/fLoc/.git/annex/objects/06/5J/MD5E-s152124--2b906904169777c79ef41545c7112556.jpg/MD5E-s152124--2b906904169777c79ef41545c7112556.jpg	97.36884328100132	97.76539821899496	15.0	alt	characters	word	word-xx.jpg	3.0	0.3965549379936419	False		
stimuli	/scratch/neuromod/src/task_stimuli/data/fLoc/.git/annex/objects/w4/00/MD5E-s142981--1cdfaf0ab5afe743dc23ed41f2533a8f.jpg/MD5E-s142981--1cdfaf0ab5afe743dc23ed41f2533a8f.jpg	97.84972658898914	98.24868693499592	15.0	alt	characters	word	word-xx.jpg	4.0	0.3989603460067883	False		
stimuli	/scratch/neuromod/src/task_stimuli/data/fLoc/.git/annex/objects/Zw/9v/MD5E-s157908--7c1f83df3583cee7ad340eab41c68ee0.jpg/MD5E-s157908--7c1f83df3583cee7ad340eab41c68ee0.jpg	98.35203958899365	98.75224069997783	15.0	alt	characters	word	word-xx.jpg	5.0	0.4002011109841988	False		
stimuli	/scratch/neuromod/src/task_stimuli/data/fLoc/.git/annex/objects/pk/fj/MD5E-s107293--21684cec64ce908c0ffc2c9ea3ad191c.jpg/MD5E-s107293--21684cec64ce908c0ffc2c9ea3ad191c.jpg	98.85139528798754	99.2496135029942	15.0	alt	characters	word	word-xx.jpg	6.0	0.3982182150066365	False		
stimuli	/scratch/neuromod/src/task_stimuli/data/fLoc/.git/annex/objects/MP/1p/MD5E-s137222--37e7913c8cd96b8549539ead56269816.jpg/MD5E-s137222--37e7913c8cd96b8549539ead56269816.jpg	99.35265641799197	99.7515712249733	15.0	alt	characters	word	word-xx.jpg	7.0	0.3989148069813382	False		
stimuli	/scratch/neuromod/src/task_stimuli/data/fLoc/stimuli/word/word-33.jpg	99.85157198997332	100.25099116499769	15.0	alt	characters	word	word-33.jpg	8.0	0.3994191750243772	False		
stimuli	/scratch/neuromod/src/task_stimuli/data/fLoc/.git/annex/objects/18/XM/MD5E-s117300--8086479566ac486a77f034f8607ab379.jpg/MD5E-s117300--8086479566ac486a77f034f8607ab379.jpg	100.35361896798712	100.74901728698751	15.0	alt	characters	word	word-xx.jpg	9.0	0.3953983190003783	False		
stimuli	/scratch/neuromod/src/task_stimuli/data/fLoc/.git/annex/objects/vQ/37/MD5E-s152700--c3b4f6179ec764fc031edae5b9297b91.jpg/MD5E-s152700--c3b4f6179ec764fc031edae5b9297b91.jpg	100.8319876169844	101.2362673409807	15.0	alt	characters	word	word-xx.jpg	10.0	0.4042797239962965	False		
stimuli	/scratch/neuromod/src/task_stimuli/data/fLoc/.git/annex/objects/vQ/37/MD5E-s152700--c3b4f6179ec764fc031edae5b9297b91.jpg/MD5E-s152700--c3b4f6179ec764fc031edae5b9297b91.jpg	101.3319847509847	101.73676320599043	15.0	alt	characters	word	word-xx.jpg	11.0	0.40477845500572585	True		
stimuli	/scratch/neuromod/src/task_stimuli/data/fLoc/.git/annex/objects/79/jQ/MD5E-s146587--bbdc6cbf07e203cb6c15636fe953bbff.jpg/MD5E-s146587--bbdc6cbf07e203cb6c15636fe953bbff.jpg	101.8373441179865	102.235729395994	16.0	alt	faces	adult	adult-xx.jpg	0.0	0.3983852780074813	False		
keypress		101.94775283199851			alt							0.6157680810138118	OneBack
stimuli	/scratch/neuromod/src/task_stimuli/data/fLoc/.git/annex/objects/vm/Ff/MD5E-s117813--5178a74c9d81757f4e367a7f2588ab38.jpg/MD5E-s117813--5178a74c9d81757f4e367a7f2588ab38.jpg	102.33567644900177	102.73292701598257	16.0	alt	faces	adult	adult-xx.jpg	1.0	0.3972505669808015	False		
stimuli	/scratch/neuromod/src/task_stimuli/data/fLoc/.git/annex/objects/p3/5f/MD5E-s120281--ebe04ec5a3654e523913e78080657365.jpg/MD5E-s120281--ebe04ec5a3654e523913e78080657365.jpg	102.81513980799356	103.21936744498088	16.0	alt	faces	adult	adult-xx.jpg	2.0	0.4042276369873434	False		
stimuli	/scratch/neuromod/src/task_stimuli/data/fLoc/stimuli/adult/adult-144.jpg	103.31961850999504	103.7164275929972	16.0	alt	faces	adult	adult-144.jpg	3.0	0.3968090830021538	False		
stimuli	/scratch/neuromod/src/task_stimuli/data/fLoc/.git/annex/objects/0w/0Q/MD5E-s123575--961577e9b4b52f39ea8b9f660e73fa70.jpg/MD5E-s123575--961577e9b4b52f39ea8b9f660e73fa70.jpg	103.82096456398722	104.21941394099848	16.0	alt	faces	adult	adult-xx.jpg	4.0	0.3984493770112749	False		
stimuli	/scratch/neuromod/src/task_stimuli/data/fLoc/stimuli/adult/adult-43.jpg	104.32060700599686	104.71626130898949	16.0	alt	faces	adult	adult-43.jpg	5.0	0.3956543029926252	False		
stimuli	/scratch/neuromod/src/task_stimuli/data/fLoc/stimuli/adult/adult-17.jpg	104.81922546299757	105.21931652497732	16.0	alt	faces	adult	adult-17.jpg	6.0	0.4000910619797651	False		
stimuli	/scratch/neuromod/src/task_stimuli/data/fLoc/stimuli/adult/adult-63.jpg	105.30374706399743	105.70263092199457	16.0	alt	faces	adult	adult-63.jpg	7.0	0.3988838579971343	False		
stimuli	/scratch/neuromod/src/task_stimuli/data/fLoc/.git/annex/objects/z7/K5/MD5E-s117052--067b25703a479e75d30eaf79c5e3464a.jpg/MD5E-s117052--067b25703a479e75d30eaf79c5e3464a.jpg	105.80302882098476	106.20365928299722	16.0	alt	faces	adult	adult-xx.jpg	8.0	0.4006304620124865	False		
stimuli	/scratch/neuromod/src/task_stimuli/data/fLoc/stimuli/adult/adult-110.jpg	106.29955696899559	106.7035664889845	16.0	alt	faces	adult	adult-110.jpg	9.0	0.4040095199889038	False		
stimuli	/scratch/neuromod/src/task_stimuli/data/fLoc/.git/annex/objects/Mx/xx/MD5E-s133268--206786c509802c9302a604c9984dba01.jpg/MD5E-s133268--206786c509802c9302a604c9984dba01.jpg	106.80251965500065	107.20270288997564	16.0	alt	faces	adult	adult-xx.jpg	10.0	0.4001832349749748	False		
stimuli	/scratch/neuromod/src/task_stimuli/data/fLoc/.git/annex/objects/Mx/xx/MD5E-s133268--206786c509802c9302a604c9984dba01.jpg/MD5E-s133268--206786c509802c9302a604c9984dba01.jpg	107.30043826298788	107.70142043198575	16.0	alt	faces	adult	adult-xx.jpg	11.0	0.4009821689978708	True		
stimuli	/scratch/neuromod/src/task_stimuli/data/fLoc/stimuli/instrument/instrument-25.jpg	107.80133708499487	108.20211109297816	17.0	alt	objects	instrument	instrument-25.jpg	0.0	0.4007740079832729	False		
keypress		107.89988867999635			alt							0.5994504170084838	OneBack
stimuli	/scratch/neuromod/src/task_stimuli/data/fLoc/.git/annex/objects/Kj/8J/MD5E-s108021--d98c891a179e6ff9fea96f84073bb1a0.jpg/MD5E-s108021--d98c891a179e6ff9fea96f84073bb1a0.jpg	108.28588762599978	108.68596395099304	17.0	alt	objects	instrument	instrument-xx.jpg	1.0	0.4000763249932788	False		
stimuli	/scratch/neuromod/src/task_stimuli/data/fLoc/.git/annex/objects/J8/J3/MD5E-s132799--8f7d32f99e86ad006c4e9b3b1ca498a0.jpg/MD5E-s132799--8f7d32f99e86ad006c4e9b3b1ca498a0.jpg	108.7819062029885	109.187823026994	17.0	alt	objects	instrument	instrument-xx.jpg	2.0	0.4059168240055442	False		
stimuli	/scratch/neuromod/src/task_stimuli/data/fLoc/.git/annex/objects/Vk/Mf/MD5E-s108667--4f7a225c1566b7f266b4a4d765333922.jpg/MD5E-s108667--4f7a225c1566b7f266b4a4d765333922.jpg	109.28584348899312	109.68332733699935	17.0	alt	objects	instrument	instrument-xx.jpg	3.0	0.3974838480062317	False		
stimuli	/scratch/neuromod/src/task_stimuli/data/fLoc/.git/annex/objects/Vk/Mf/MD5E-s108667--4f7a225c1566b7f266b4a4d765333922.jpg/MD5E-s108667--4f7a225c1566b7f266b4a4d765333922.jpg	109.7834102229972	110.18277736697928	17.0	alt	objects	instrument	instrument-xx.jpg	4.0	0.3993671439820901	True		
stimuli	/scratch/neuromod/src/task_stimuli/data/fLoc/.git/annex/objects/XJ/96/MD5E-s147549--cd9cf0a53834f888ee73c5913a78ef68.jpg/MD5E-s147549--cd9cf0a53834f888ee73c5913a78ef68.jpg	110.26952148697457	110.67061090900096	17.0	alt	objects	instrument	instrument-xx.jpg	5.0	0.4010894220264163	False		
keypress		110.28410660597729			alt							0.5006963829800952	OneBack
stimuli	/scratch/neuromod/src/task_stimuli/data/fLoc/stimuli/instrument/instrument-121.jpg	110.76619547497829	111.16968785098288	17.0	alt	objects	instrument	instrument-121.jpg	6.0	0.40349237600457855	False		
stimuli	/scratch/neuromod/src/task_stimuli/data/fLoc/.git/annex/objects/WW/p2/MD5E-s137981--339f4dbb4df89b5c9c1836e023cc5265.jpg/MD5E-s137981--339f4dbb4df89b5c9c1836e023cc5265.jpg	111.26920095298556	111.6704762579757	17.0	alt	objects	instrument	instrument-xx.jpg	7.0	0.4012753049901221	False		
stimuli	/scratch/neuromod/src/task_stimuli/data/fLoc/.git/annex/objects/pj/g4/MD5E-s107051--e42a282b8cece2465e66128f91b8c187.jpg/MD5E-s107051--e42a282b8cece2465e66128f91b8c187.jpg	111.76491409298616	112.17009901200072	17.0	alt	objects	instrument	instrument-xx.jpg	8.0	0.4051849190145731	False		
stimuli	/scratch/neuromod/src/task_stimuli/data/fLoc/.git/annex/objects/0G/Qx/MD5E-s147178--35e31bc1de4598c3605a504a0775d569.jpg/MD5E-s147178--35e31bc1de4598c3605a504a0775d569.jpg	112.26908847998129	112.66997201298365	17.0	alt	objects	instrument	instrument-xx.jpg	9.0	0.40088353300234303	False		
stimuli	/scratch/neuromod/src/task_stimuli/data/fLoc/.git/annex/objects/mF/Fv/MD5E-s126613--b3b008f67437bc06e159c3d7a6c60088.jpg/MD5E-s126613--b3b008f67437bc06e159c3d7a6c60088.jpg	112.76864974497585	113.1495266330021	17.0	alt	objects	instrument	instrument-xx.jpg	10.0	0.3808768880262505	False		
stimuli	/scratch/neuromod/src/task_stimuli/data/fLoc/stimuli/instrument/instrument-59.jpg	113.25277778299643	113.65395250899022	17.0	alt	objects	instrument	instrument-59.jpg	11.0	0.4011747259937693	False		
stimuli	/scratch/neuromod/src/task_stimuli/data/fLoc/.git/annex/objects/Q7/9j/MD5E-s123717--446dc52e4eefc12b281fbc1840a990c5.jpg/MD5E-s123717--446dc52e4eefc12b281fbc1840a990c5.jpg	113.75282534598956	114.15373878699027	18.0	alt	faces	adult	adult-xx.jpg	0.0	0.4009134410007391	False		
stimuli	/scratch/neuromod/src/task_stimuli/data/fLoc/stimuli/adult/adult-16.jpg	114.2541263339808	114.65364440297708	18.0	alt	faces	adult	adult-16.jpg	1.0	0.3995180689962581	False		
stimuli	/scratch/neuromod/src/task_stimuli/data/fLoc/.git/annex/objects/gG/FG/MD5E-s100946--2e275d6587925b58cacdef2ceefacafd.jpg/MD5E-s100946--2e275d6587925b58cacdef2ceefacafd.jpg	114.75133912599995	115.1493196769734	18.0	alt	faces	adult	adult-xx.jpg	2.0	0.3979805509734433	False		
stimuli	/scratch/neuromod/src/task_stimuli/data/fLoc/stimuli/adult/adult-20.jpg	115.24910639997688	115.65273885798523	18.0	alt	faces	adult	adult-20.jpg	3.0	0.4036324580083601	False		
stimuli	/scratch/neuromod/src/task_stimuli/data/fLoc/stimuli/adult/adult-105.jpg	115.73254377799458	116.1360851689824	18.0	alt	faces	adult	adult-105.jpg	4.0	0.4035413909878116	False		
stimuli	/scratch/neuromod/src/task_stimuli/data/fLoc/stimuli/adult/adult-141.jpg	116.2358766690013	116.63305901599232	18.0	alt	faces	adult	adult-141.jpg	5.0	0.3971823469910305	False		
stimuli	/scratch/neuromod/src/task_stimuli/data/fLoc/.git/annex/objects/79/jQ/MD5E-s146587--bbdc6cbf07e203cb6c15636fe953bbff.jpg/MD5E-s146587--bbdc6cbf07e203cb6c15636fe953bbff.jpg	116.73689711699262	117.13772384898041	18.0	alt	faces	adult	adult-xx.jpg	6.0	0.4008267319877632	False		
stimuli	/scratch/neuromod/src/task_stimuli/data/fLoc/stimuli/adult/adult-66.jpg	117.23233343000177	117.63226809698973	18.0	alt	faces	adult	adult-66.jpg	7.0	0.3999346669879742	False		
stimuli	/scratch/neuromod/src/task_stimuli/data/fLoc/.git/annex/objects/w8/FM/MD5E-s125906--b25da23825c6ee6d37ee188f36745a72.jpg/MD5E-s125906--b25da23825c6ee6d37ee188f36745a72.jpg	117.71772139298264	118.11824002297364	18.0	alt	faces	adult	adult-xx.jpg	8.0	0.40051862999098375	False		
stimuli	/scratch/neuromod/src/task_stimuli/data/fLoc/stimuli/adult/adult-6.jpg	118.21911541599549	118.61961870299999	18.0	alt	faces	adult	adult-6.jpg	9.0	0.4005032870045397	False		
stimuli	/scratch/neuromod/src/task_stimuli/data/fLoc/.git/annex/objects/19/KK/MD5E-s151853--10e45d76522a9486bf7762f45099455f.jpg/MD5E-s151853--10e45d76522a9486bf7762f45099455f.jpg	118.71583585700137	119.11941850598669	18.0	alt	faces	adult	adult-xx.jpg	10.0	0.4035826489853207	False		
stimuli	/scratch/neuromod/src/task_stimuli/data/fLoc/stimuli/adult/adult-30.jpg	119.22041212598559	119.61555824999232	18.0	alt	faces	adult	adult-30.jpg	11.0	0.39514612400671467	False		
stimuli	/scratch/neuromod/src/task_stimuli/data/fLoc/.git/annex/objects/6G/1p/MD5E-s116167--84f53266f15a3c9e4556288a317a9c37.jpg/MD5E-s116167--84f53266f15a3c9e4556288a317a9c37.jpg	119.7190312089806	120.11808336499962	19.0	alt	bodies	limb	limb-xx.jpg	0.0	0.39905215601902455	False		
stimuli	/scratch/neuromod/src/task_stimuli/data/fLoc/.git/annex/objects/V4/8z/MD5E-s100978--ab5b7ae21c45561850b9d31739b8e792.jpg/MD5E-s100978--ab5b7ae21c45561850b9d31739b8e792.jpg	120.21783926399077	120.60267251197365	19.0	alt	bodies	limb	limb-xx.jpg	1.0	0.3848332479828969	False		
stimuli	/scratch/neuromod/src/task_stimuli/data/fLoc/.git/annex/objects/Mq/Mf/MD5E-s139448--8c646687bb268ea9dc0135431c6e8eba.jpg/MD5E-s139448--8c646687bb268ea9dc0135431c6e8eba.jpg	120.70390541898087	121.10243367898512	19.0	alt	bodies	limb	limb-xx.jpg	2.0	0.398528260004241	False		
stimuli	/scratch/neuromod/src/task_stimuli/data/fLoc/stimuli/limb/limb-42.jpg	121.20011864698608	121.60261571998127	19.0	alt	bodies	limb	limb-42.jpg	3.0	0.4024970729951747	False		
stimuli	/scratch/neuromod/src/task_stimuli/data/fLoc/.git/annex/objects/0g/Mx/MD5E-s107840--e96e015deebdc86f1cda62af12410bf8.jpg/MD5E-s107840--e96e015deebdc86f1cda62af12410bf8.jpg	121.70304033899448	122.09998806999648	19.0	alt	bodies	limb	limb-xx.jpg	4.0	0.3969477310020011	False		
stimuli	/scratch/neuromod/src/task_stimuli/data/fLoc/.git/annex/objects/g0/QV/MD5E-s139390--e6f717081bcd1b003f5f6faca12375ca.jpg/MD5E-s139390--e6f717081bcd1b003f5f6faca12375ca.jpg	122.20195199898443	122.60238378698703	19.0	alt	bodies	limb	limb-xx.jpg	5.0	0.4004317880026065	False		
stimuli	/scratch/neuromod/src/task_stimuli/data/fLoc/.git/annex/objects/46/X9/MD5E-s122211--806c4896fc0e6f17161be60cc0ee28cb.jpg/MD5E-s122211--806c4896fc0e6f17161be60cc0ee28cb.jpg	122.70113846499588	123.09936247699079	19.0	alt	bodies	limb	limb-xx.jpg	6.0	0.3982240119948983	False		
stimuli	/scratch/neuromod/src/task_stimuli/data/fLoc/.git/annex/objects/78/gP/MD5E-s128190--70d0f32a28b3981a64811f3770e2f6cb.jpg/MD5E-s128190--70d0f32a28b3981a64811f3770e2f6cb.jpg	123.18620691497928	123.5858514649735	19.0	alt	bodies	limb	limb-xx.jpg	7.0	0.3996445499942638	False		
stimuli	/scratch/neuromod/src/task_stimuli/data/fLoc/.git/annex/objects/xP/9f/MD5E-s116191--330606763bd8a2e156ee8de34e9dcaea.jpg/MD5E-s116191--330606763bd8a2e156ee8de34e9dcaea.jpg	123.68764124799056	124.08612874799292	19.0	alt	bodies	limb	limb-xx.jpg	8.0	0.3984875000023749	False		
stimuli	/scratch/neuromod/src/task_stimuli/data/fLoc/stimuli/limb/limb-115.jpg	124.18597749198669	124.58524675999071	19.0	alt	bodies	limb	limb-115.jpg	9.0	0.3992692680039909	False		
stimuli	/scratch/neuromod/src/task_stimuli/data/fLoc/.git/annex/objects/gQ/VV/MD5E-s123727--68b35ae97f26b5e6738bb93caf0e9456.jpg/MD5E-s123727--68b35ae97f26b5e6738bb93caf0e9456.jpg	124.68133592398955	125.0838142579887	19.0	alt	bodies	limb	limb-xx.jpg	10.0	0.40247833399917	False		
stimuli	/scratch/neuromod/src/task_stimuli/data/fLoc/stimuli/limb/limb-135.jpg	125.16575578998889	125.56594198697712	19.0	alt	bodies	limb	limb-135.jpg	11.0	0.4001861969882157	False		
stimuli	/scratch/neuromod/src/task_stimuli/data/fLoc/stimuli/corridor/corridor-5.jpg	125.66526996999164	126.06857582699742	20.0	alt	places	corridor	corridor-5.jpg	0.0	0.4033058570057619	False		
stimuli	/scratch/neuromod/src/task_stimuli/data/fLoc/.git/annex/objects/G0/1w/MD5E-s125213--fa92e15728fd6c699e2d104a334b9636.jpg/MD5E-s125213--fa92e15728fd6c699e2d104a334b9636.jpg	126.16471128497507	126.56843602197478	20.0	alt	places	corridor	corridor-xx.jpg	1.0	0.4037247369997203	False		
stimuli	/scratch/neuromod/src/task_stimuli/data/fLoc/.git/annex/objects/Z9/1m/MD5E-s153922--5356a4082fdfc661d4add98940f080c4.jpg/MD5E-s153922--5356a4082fdfc661d4add98940f080c4.jpg	126.66788679698948	127.06674486599512	20.0	alt	places	corridor	corridor-xx.jpg	2.0	0.3988580690056551	False		
stimuli	/scratch/neuromod/src/task_stimuli/data/fLoc/stimuli/corridor/corridor-9.jpg	127.16858092797337	127.56532083198543	20.0	alt	places	corridor	corridor-9.jpg	3.0	0.3967399040120654	False		
stimuli	/scratch/neuromod/src/task_stimuli/data/fLoc/stimuli/corridor/corridor-109.jpg	127.66769682898304	128.04949816397857	20.0	alt	places	corridor	corridor-109.jpg	4.0	0.3818013349955436	False		
stimuli	/scratch/neuromod/src/task_stimuli/data/fLoc/.git/annex/objects/7f/PZ/MD5E-s105874--0f024f7913722b0a83f94bb3d8239386.jpg/MD5E-s105874--0f024f7913722b0a83f94bb3d8239386.jpg	128.15182164899306	128.55077095198794	20.0	alt	places	corridor	corridor-xx.jpg	5.0	0.39894930299487896	False		
stimuli	/scratch/neuromod/src/task_stimuli/data/fLoc/.git/annex/objects/w3/59/MD5E-s101323--b35281133b2eeed1e92034756f7b18b4.jpg/MD5E-s101323--b35281133b2eeed1e92034756f7b18b4.jpg	128.65184540799237	129.05156322699622	20.0	alt	places	corridor	corridor-xx.jpg	6.0	0.399717819003854	False		
stimuli	/scratch/neuromod/src/task_stimuli/data/fLoc/.git/annex/objects/GZ/63/MD5E-s121306--5c92b69bbe9a9872825f96c058f602d1.jpg/MD5E-s121306--5c92b69bbe9a9872825f96c058f602d1.jpg	129.15188747100183	129.5513976769871	20.0	alt	places	corridor	corridor-xx.jpg	7.0	0.39951020598527975	False		
stimuli	/scratch/neuromod/src/task_stimuli/data/fLoc/stimuli/corridor/corridor-40.jpg	129.64974802697543	130.0509933709982	20.0	alt	places	corridor	corridor-40.jpg	8.0	0.4012453440227546	False		
stimuli	/scratch/neuromod/src/task_stimuli/data/fLoc/stimuli/corridor/corridor-133.jpg	130.14864106397727	130.55099537500064	20.0	alt	places	corridor	corridor-133.jpg	9.0	0.4023543110233732	False		
stimuli	/scratch/neuromod/src/task_stimuli/data/fLoc/.git/annex/objects/Z1/w9/MD5E-s121934--24bde23107454ccfd0e690bb073c73ee.jpg/MD5E-s121934--24bde23107454ccfd0e690bb073c73ee.jpg	130.63244970300002	131.03526234198944	20.0	alt	places	corridor	corridor-xx.jpg	10.0	0.4028126389894169	False		
stimuli	/scratch/neuromod/src/task_stimuli/data/fLoc/.git/annex/objects/M1/03/MD5E-s119681--66d2373a282c01809c065aa86b27d86c.jpg/MD5E-s119681--66d2373a282c01809c065aa86b27d86c.jpg	131.1327700019756	131.53478592800093	20.0	alt	places	corridor	corridor-xx.jpg	11.0	0.4020159260253422	False		
stimuli	/scratch/neuromod/src/task_stimuli/data/fLoc/.git/annex/objects/43/p8/MD5E-s149637--70331c5199a2a7850a4ecf4f1717968f.jpg/MD5E-s149637--70331c5199a2a7850a4ecf4f1717968f.jpg	131.63113951697596	132.0346915400005	21.0	alt	characters	word	word-xx.jpg	0.0	0.4035520230245311	False		
stimuli	/scratch/neuromod/src/task_stimuli/data/fLoc/.git/annex/objects/7v/qf/MD5E-s151375--73179bd3839f299805f5e2cd2e7f47de.jpg/MD5E-s151375--73179bd3839f299805f5e2cd2e7f47de.jpg	132.1339158419869	132.53247904899766	21.0	alt	characters	word	word-xx.jpg	1.0	0.39856320701073855	False		
stimuli	/scratch/neuromod/src/task_stimuli/data/fLoc/.git/annex/objects/26/89/MD5E-s143250--ffedd6ccc44e971caa85f137e2982fb7.jpg/MD5E-s143250--ffedd6ccc44e971caa85f137e2982fb7.jpg	132.61558603998856	133.01560053499998	21.0	alt	characters	word	word-xx.jpg	2.0	0.4000144950114191	False		
stimuli	/scratch/neuromod/src/task_stimuli/data/fLoc/.git/annex/objects/f9/8J/MD5E-s157940--22e54f8295b6736d299e9ddc5e5b267f.jpg/MD5E-s157940--22e54f8295b6736d299e9ddc5e5b267f.jpg	133.11441794599523	133.51530284399632	21.0	alt	characters	word	word-xx.jpg	3.0	0.4008848980010953	False		
stimuli	/scratch/neuromod/src/task_stimuli/data/fLoc/stimuli/word/word-52.jpg	133.61489045099006	134.0154671399796	21.0	alt	characters	word	word-52.jpg	4.0	0.4005766889895313	False		
stimuli	/scratch/neuromod/src/task_stimuli/data/fLoc/.git/annex/objects/3F/7g/MD5E-s155898--4ea2f1fdf2f958231f61a60a14857713.jpg/MD5E-s155898--4ea2f1fdf2f958231f61a60a14857713.jpg	134.11844030898646	134.51731513999405	21.0	alt	characters	word	word-xx.jpg	5.0	0.3988748310075607	False		
stimuli	/scratch/neuromod/src/task_stimuli/data/fLoc/.git/annex/objects/k7/pF/MD5E-s140168--348e0e929c1e2e59df1189bb2522e6c4.jpg/MD5E-s140168--348e0e929c1e2e59df1189bb2522e6c4.jpg	134.61788480097312	135.01728567099778	21.0	alt	characters	word	word-xx.jpg	6.0	0.39940087002469227	False		
stimuli	/scratch/neuromod/src/task_stimuli/data/fLoc/.git/annex/objects/Pp/Z1/MD5E-s143249--585cd10f9839bafaa3429c056c404748.jpg/MD5E-s143249--585cd10f9839bafaa3429c056c404748.jpg	135.1173538749863	135.51747062397772	21.0	alt	characters	word	word-xx.jpg	7.0	0.4001167489914224	False		
stimuli	/scratch/neuromod/src/task_stimuli/data/fLoc/.git/annex/objects/p7/G0/MD5E-s104845--622d67989040a88ced195747308defaf.jpg/MD5E-s104845--622d67989040a88ced195747308defaf.jpg	135.59902160399358	135.99771695098025	21.0	alt	characters	word	word-xx.jpg	8.0	0.3986953469866421	False		
stimuli	/scratch/neuromod/src/task_stimuli/data/fLoc/.git/annex/objects/20/6P/MD5E-s165691--3b7e654237b1057a36a9db817663c5a0.jpg/MD5E-s165691--3b7e654237b1057a36a9db817663c5a0.jpg	136.09856536998996	136.49864158499986	21.0	alt	characters	word	word-xx.jpg	9.0	0.4000762150099035	False		
stimuli	/scratch/neuromod/src/task_stimuli/data/fLoc/.git/annex/objects/xv/6q/MD5E-s127092--c38a0f03b9c99d1d12af96b354e74d8e.jpg/MD5E-s127092--c38a0f03b9c99d1d12af96b354e74d8e.jpg	136.59925993299112	137.00129238798402	21.0	alt	characters	word	word-xx.jpg	10.0	0.4020324549928773	False		
stimuli	/scratch/neuromod/src/task_stimuli/data/fLoc/stimuli/word/word-61.jpg	137.0999800269783	137.50102492800215	21.0	alt	characters	word	word-61.jpg	11.0	0.4010449010238517	False		
stimuli	/scratch/neuromod/src/task_stimuli/data/fLoc/stimuli/instrument/instrument-134.jpg	137.60041339299642	138.00065216998337	22.0	alt	objects	instrument	instrument-134.jpg	0.0	0.4002387769869529	False		
stimuli	/scratch/neuromod/src/task_stimuli/data/fLoc/.git/annex/objects/0X/wZ/MD5E-s101061--a17f0f3c03b5a118101681e1fa0645b6.jpg/MD5E-s101061--a17f0f3c03b5a118101681e1fa0645b6.jpg	138.08181646798042	138.48286950498004	22.0	alt	objects	instrument	instrument-xx.jpg	1.0	0.4010530369996559	False		
stimuli	/scratch/neuromod/src/task_stimuli/data/fLoc/stimuli/instrument/instrument-141.jpg	138.58202677598456	138.98453548399266	22.0	alt	objects	instrument	instrument-141.jpg	2.0	0.40250870800809935	False		
stimuli	/scratch/neuromod/src/task_stimuli/data/fLoc/.git/annex/objects/87/M1/MD5E-s115932--5e42cd36cc6697f227528a4026ee025f.jpg/MD5E-s115932--5e42cd36cc6697f227528a4026ee025f.jpg	139.0837363289902	139.48457568199956	22.0	alt	objects	instrument	instrument-xx.jpg	3.0	0.4008393530093599	False		
stimuli	/scratch/neuromod/src/task_stimuli/data/fLoc/.git/annex/objects/fM/JW/MD5E-s159996--bb85cd05eb5c174d1a3ac51776653785.jpg/MD5E-s159996--bb85cd05eb5c174d1a3ac51776653785.jpg	139.58508293097842	139.98371993098408	22.0	alt	objects	instrument	instrument-xx.jpg	4.0	0.39863700000569213	False		
stimuli	/scratch/neuromod/src/task_stimuli/data/fLoc/.git/annex/objects/8g/mV/MD5E-s140003--da61f8bdf345c9b8aa20bafe2cab8d24.jpg/MD5E-s140003--da61f8bdf345c9b8aa20bafe2cab8d24.jpg	140.06426150197512	140.4678753449989	22.0	alt	objects	instrument	instrument-xx.jpg	5.0	0.403613843023777	False		
stimuli	/scratch/neuromod/src/task_stimuli/data/fLoc/.git/annex/objects/3g/Fx/MD5E-s124554--63b00b52eb999117564a3a43b3a33927.jpg/MD5E-s124554--63b00b52eb999117564a3a43b3a33927.jpg	140.5654216769908	140.96608336898495	22.0	alt	objects	instrument	instrument-xx.jpg	6.0	0.4006616919941735	False		
stimuli	/scratch/neuromod/src/task_stimuli/data/fLoc/.git/annex/objects/5M/GV/MD5E-s155698--4bec38e2f97bc9697cf5109052173201.jpg/MD5E-s155698--4bec38e2f97bc9697cf5109052173201.jpg	141.06770236999728	141.4643008269777	22.0	alt	objects	instrument	instrument-xx.jpg	7.0	0.3965984569804277	False		
stimuli	/scratch/neuromod/src/task_stimuli/data/fLoc/.git/annex/objects/5M/GV/MD5E-s155698--4bec38e2f97bc9697cf5109052173201.jpg/MD5E-s155698--4bec38e2f97bc9697cf5109052173201.jpg	141.5657752979896	141.96721405797868	22.0	alt	objects	instrument	instrument-xx.jpg	8.0	0.4014387599891052	True		
stimuli	/scratch/neuromod/src/task_stimuli/data/fLoc/.git/annex/objects/vq/zF/MD5E-s127342--0c16762473b0e305d920a41dd5387507.jpg/MD5E-s127342--0c16762473b0e305d920a41dd5387507.jpg	142.0676687649975	142.46942761799437	22.0	alt	objects	instrument	instrument-xx.jpg	9.0	0.4017588529968634	False		
keypress		142.34678808000172			alt							0.7810127820121124	OneBack
stimuli	/scratch/neuromod/src/task_stimuli/data/fLoc/.git/annex/objects/v2/4F/MD5E-s100742--81a27977149cbde1fac4afb98b303b73.jpg/MD5E-s100742--81a27977149cbde1fac4afb98b303b73.jpg	142.5680720259843	142.96791822899831	22.0	alt	objects	instrument	instrument-xx.jpg	10.0	0.39984620301402174	False		
stimuli	/scratch/neuromod/src/task_stimuli/data/fLoc/.git/annex/objects/7p/Vp/MD5E-s150897--796ee3e74a69e9c3d1c54f3260aa8757.jpg/MD5E-s150897--796ee3e74a69e9c3d1c54f3260aa8757.jpg	143.0474825229903	143.4534489059879	22.0	alt	objects	instrument	instrument-xx.jpg	11.0	0.40596638299757615	False		
rest		143.469996084983		23.0	alt	baseline							
stimuli	/scratch/neuromod/src/task_stimuli/data/fLoc/.git/annex/objects/MP/1p/MD5E-s137222--37e7913c8cd96b8549539ead56269816.jpg/MD5E-s137222--37e7913c8cd96b8549539ead56269816.jpg	149.51998241399997	149.9171032439917	24.0	alt	characters	word	word-xx.jpg	0.0	0.39712082999176346	False		
stimuli	/scratch/neuromod/src/task_stimuli/data/fLoc/.git/annex/objects/5Q/9G/MD5E-s136448--54af1912b99ea71dd7cd358c355a2a57.jpg/MD5E-s136448--54af1912b99ea71dd7cd358c355a2a57.jpg	150.01800178899433	150.41768421899178	24.0	alt	characters	word	word-xx.jpg	1.0	0.3996824299974833	False		
stimuli	/scratch/neuromod/src/task_stimuli/data/fLoc/.git/annex/objects/7f/39/MD5E-s145807--5a16e608655a01bae1e6612c531ba877.jpg/MD5E-s145807--5a16e608655a01bae1e6612c531ba877.jpg	150.5014087179734	150.90328265898282	24.0	alt	characters	word	word-xx.jpg	2.0	0.40187394100939855	False		
stimuli	/scratch/neuromod/src/task_stimuli/data/fLoc/stimuli/word/word-140.jpg	150.99892138299762	151.3987076789781	24.0	alt	characters	word	word-140.jpg	3.0	0.3997862959804479	False		
stimuli	/scratch/neuromod/src/task_stimuli/data/fLoc/.git/annex/objects/zg/G8/MD5E-s147190--f92b5a42bd9c36a27dbab3fcfdeb8da4.jpg/MD5E-s147190--f92b5a42bd9c36a27dbab3fcfdeb8da4.jpg	151.50288712899783	151.90254536599969	24.0	alt	characters	word	word-xx.jpg	4.0	0.39965823700185865	False		
stimuli	/scratch/neuromod/src/task_stimuli/data/fLoc/stimuli/word/word-133.jpg	152.00033913197692	152.40192658497838	24.0	alt	characters	word	word-133.jpg	5.0	0.4015874530014116	False		
stimuli	/scratch/neuromod/src/task_stimuli/data/fLoc/stimuli/word/word-15.jpg	152.50097680097682	152.9003305869992	24.0	alt	characters	word	word-15.jpg	6.0	0.3993537860224024	False		
stimuli	/scratch/neuromod/src/task_stimuli/data/fLoc/stimuli/word/word-129.jpg	152.98347169399494	153.38167374397744	24.0	alt	characters	word	word-129.jpg	7.0	0.3982020499825012	False		
stimuli	/scratch/neuromod/src/task_stimuli/data/fLoc/.git/annex/objects/vQ/37/MD5E-s152700--c3b4f6179ec764fc031edae5b9297b91.jpg/MD5E-s152700--c3b4f6179ec764fc031edae5b9297b91.jpg	153.48499335200174	153.884822056978	24.0	alt	characters	word	word-xx.jpg	8.0	0.3998287049762439	False		
stimuli	/scratch/neuromod/src/task_stimuli/data/fLoc/.git/annex/objects/43/p8/MD5E-s149637--70331c5199a2a7850a4ecf4f1717968f.jpg/MD5E-s149637--70331c5199a2a7850a4ecf4f1717968f.jpg	153.98564201098634	154.3853003199911	24.0	alt	characters	word	word-xx.jpg	9.0	0.3996583090047352	False		
stimuli	/scratch/neuromod/src/task_stimuli/data/fLoc/.git/annex/objects/f8/wJ/MD5E-s185876--82312f7d35f738d0f89aab4dddb7d06b.jpg/MD5E-s185876--82312f7d35f738d0f89aab4dddb7d06b.jpg	154.48638156798555	154.88425429398194	24.0	alt	characters	word	word-xx.jpg	10.0	0.3978727259964217	False		
stimuli	/scratch/neuromod/src/task_stimuli/data/fLoc/.git/annex/objects/5J/M5/MD5E-s117916--db763fecb0e8279bcf0d61e749729227.jpg/MD5E-s117916--db763fecb0e8279bcf0d61e749729227.jpg	154.96958731499038	155.36990946598237	24.0	alt	characters	word	word-xx.jpg	11.0	0.4003221509919968	False		
stimuli	/scratch/neuromod/src/task_stimuli/data/fLoc/.git/annex/objects/x1/m3/MD5E-s126044--0ce023095dce972e275cb304360701f7.jpg/MD5E-s126044--0ce023095dce972e275cb304360701f7.jpg	155.4689400489733	155.87083920199075	25.0	alt	objects	instrument	instrument-xx.jpg	0.0	0.40189915301743895	False		
stimuli	/scratch/neuromod/src/task_stimuli/data/fLoc/.git/annex/objects/v2/4F/MD5E-s100742--81a27977149cbde1fac4afb98b303b73.jpg/MD5E-s100742--81a27977149cbde1fac4afb98b303b73.jpg	155.96799412099062	156.36679821799044	25.0	alt	objects	instrument	instrument-xx.jpg	1.0	0.398804096999811	False		
stimuli	/scratch/neuromod/src/task_stimuli/data/fLoc/.git/annex/objects/vv/0j/MD5E-s142835--620c0782d0ac8036d04f29d3eebca1fa.jpg/MD5E-s142835--620c0782d0ac8036d04f29d3eebca1fa.jpg	156.46672614698764	156.86821222899016	25.0	alt	objects	instrument	instrument-xx.jpg	2.0	0.40148608200252056	False		
stimuli	/scratch/neuromod/src/task_stimuli/data/fLoc/stimuli/instrument/instrument-71.jpg	156.96904651398654	157.36843279498862	25.0	alt	objects	instrument	instrument-71.jpg	3.0	0.3993862810020801	False		
stimuli	/scratch/neuromod/src/task_stimuli/data/fLoc/stimuli/instrument/instrument-71.jpg	157.4675138979801	157.86779703898355	25.0	alt	objects	instrument	instrument-71.jpg	4.0	0.400283141003456	True		
stimuli	/scratch/neuromod/src/task_stimuli/data/fLoc/.git/annex/objects/0W/7f/MD5E-s134930--322c86b2434d6dd3102e27f17e868a2a.jpg/MD5E-s134930--322c86b2434d6dd3102e27f17e868a2a.jpg	157.9512374259939	158.35181823899617	25.0	alt	objects	instrument	instrument-xx.jpg	5.0	0.40058081300230697	False		
keypress		158.05670340100187			alt							0.5891895030217711	OneBack
stimuli	/scratch/neuromod/src/task_stimuli/data/fLoc/.git/annex/objects/vG/82/MD5E-s105655--075eef28a6afc92110c6ccbae21d3a2a.jpg/MD5E-s105655--075eef28a6afc92110c6ccbae21d3a2a.jpg	158.4512883969874	158.85342181599114	25.0	alt	objects	instrument	instrument-xx.jpg	6.0	0.4021334190038033	False		
stimuli	/scratch/neuromod/src/task_stimuli/data/fLoc/.git/annex/objects/pZ/gv/MD5E-s148785--97f7c8d76b11de060a6b8995cbdb42cd.jpg/MD5E-s148785--97f7c8d76b11de060a6b8995cbdb42cd.jpg	158.95171335697526	159.3501174449921	25.0	alt	objects	instrument	instrument-xx.jpg	7.0	0.39840408801683225	False		
stimuli	/scratch/neuromod/src/task_stimuli/data/fLoc/.git/annex/objects/Fp/Pv/MD5E-s138741--a99932733247c18598741ec8847d4a73.jpg/MD5E-s138741--a99932733247c18598741ec8847d4a73.jpg	159.4479005999747	159.84879124999858	25.0	alt	objects	instrument	instrument-xx.jpg	8.0	0.4008906500239391	False		
stimuli	/scratch/neuromod/src/task_stimuli/data/fLoc/.git/annex/objects/k8/6p/MD5E-s117058--d7faa95bf65f23f445ec94d420bd3559.jpg/MD5E-s117058--d7faa95bf65f23f445ec94d420bd3559.jpg	159.9507344349986	160.3487453889975	25.0	alt	objects	instrument	instrument-xx.jpg	9.0	0.3980109539988917	False		
stimuli	/scratch/neuromod/src/task_stimuli/data/fLoc/.git/annex/objects/Xq/8G/MD5E-s164875--4602950267d684509d302d0ca7fe2b34.jpg/MD5E-s164875--4602950267d684509d302d0ca7fe2b34.jpg	160.43630206698435	160.83124900999246	25.0	alt	objects	instrument	instrument-xx.jpg	10.0	0.3949469430081081	False		
stimuli	/scratch/neuromod/src/task_stimuli/data/fLoc/.git/annex/objects/02/5P/MD5E-s124689--5ac468f0bed212b2535b46eb0641b655.jpg/MD5E-s124689--5ac468f0bed212b2535b46eb0641b655.jpg	160.9353389419848	161.33516010199673	25.0	alt	objects	instrument	instrument-xx.jpg	11.0	0.3998211600119248	False		
stimuli	/scratch/neuromod/src/task_stimuli/data/fLoc/.git/annex/objects/Kj/Mq/MD5E-s111902--e334c7fa2058e539ee2e084850951aa5.jpg/MD5E-s111902--e334c7fa2058e539ee2e084850951aa5.jpg	161.43145236198325	161.8315090870019	26.0	alt	places	corridor	corridor-xx.jpg	0.0	0.40005672501865774	False		
stimuli	/scratch/neuromod/src/task_stimuli/data/fLoc/.git/annex/objects/VX/mG/MD5E-s110419--a7bd2dd420cee5d17aac456780bffbfe.jpg/MD5E-s110419--a7bd2dd420cee5d17aac456780bffbfe.jpg	161.93557677799254	162.33575222597574	26.0	alt	places	corridor	corridor-xx.jpg	1.0	0.4001754479832016	False		
stimuli	/scratch/neuromod/src/task_stimuli/data/fLoc/.git/annex/objects/zf/68/MD5E-s100287--16b969c12a8ebf8c360998a828b5d052.jpg/MD5E-s100287--16b969c12a8ebf8c360998a828b5d052.jpg	162.43335528799798	162.81455955299316	26.0	alt	places	corridor	corridor-xx.jpg	2.0	0.3812042649951764	False		
stimuli	/scratch/neuromod/src/task_stimuli/data/fLoc/stimuli/corridor/corridor-121.jpg	162.91450502898078	163.319695838989	26.0	alt	places	corridor	corridor-121.jpg	3.0	0.40519081000820734	False		
stimuli	/scratch/neuromod/src/task_stimuli/data/fLoc/.git/annex/objects/jW/2z/MD5E-s103813--5e54530af94feb5dc945965e2a3caf91.jpg/MD5E-s103813--5e54530af94feb5dc945965e2a3caf91.jpg	163.414672141982	163.81524120899851	26.0	alt	places	corridor	corridor-xx.jpg	4.0	0.4005690670164768	False		
stimuli	/scratch/neuromod/src/task_stimuli/data/fLoc/.git/annex/objects/Qf/vj/MD5E-s172921--3a1b41f81d0f1960af78f9b8e894bafe.jpg/MD5E-s172921--3a1b41f81d0f1960af78f9b8e894bafe.jpg	163.9179530759866	164.31827516297926	26.0	alt	places	corridor	corridor-xx.jpg	5.0	0.4003220869926736	False		
stimuli	/scratch/neuromod/src/task_stimuli/data/fLoc/.git/annex/objects/GZ/63/MD5E-s121306--5c92b69bbe9a9872825f96c058f602d1.jpg/MD5E-s121306--5c92b69bbe9a9872825f96c058f602d1.jpg	164.4182578639884	164.82000529198558	26.0	alt	places	corridor	corridor-xx.jpg	6.0	0.4017474279971793	False		
stimuli	/scratch/neuromod/src/task_stimuli/data/fLoc/stimuli/corridor/corridor-90.jpg	164.9173494229908	165.31883041097902	26.0	alt	places	corridor	corridor-90.jpg	7.0	0.4014809879881796	False		
stimuli	/scratch/neuromod/src/task_stimuli/data/fLoc/.git/annex/objects/W6/46/MD5E-s124740--b3f40331bc8318468bdecd988ef8f1ee.jpg/MD5E-s124740--b3f40331bc8318468bdecd988ef8f1ee.jpg	165.40211282399832	165.79784524699792	26.0	alt	places	corridor	corridor-xx.jpg	8.0	0.395732422999572	False		
stimuli	/scratch/neuromod/src/task_stimuli/data/fLoc/stimuli/corridor/corridor-86.jpg	165.90231695899274	166.30132704498828	26.0	alt	places	corridor	corridor-86.jpg	9.0	0.3990100859955419	False		
stimuli	/scratch/neuromod/src/task_stimuli/data/fLoc/.git/annex/objects/9q/1K/MD5E-s124305--e1d930b1636a86734cf8168fc61e1a12.jpg/MD5E-s124305--e1d930b1636a86734cf8168fc61e1a12.jpg	166.39796312898397	166.8017203240015	26.0	alt	places	corridor	corridor-xx.jpg	10.0	0.4037571950175334	False		
stimuli	/scratch/neuromod/src/task_stimuli/data/fLoc/.git/annex/objects/22/m4/MD5E-s119233--7e8977e9ae49ebad26cc8e46b525d592.jpg/MD5E-s119233--7e8977e9ae49ebad26cc8e46b525d592.jpg	166.90102508899872	167.30335399598698	26.0	alt	places	corridor	corridor-xx.jpg	11.0	0.4023289069882594	False		
stimuli	/scratch/neuromod/src/task_stimuli/data/fLoc/.git/annex/objects/6Q/14/MD5E-s136701--741685b311dd04f64c8f815ebe1524ad.jpg/MD5E-s136701--741685b311dd04f64c8f815ebe1524ad.jpg	167.39865679497598	167.80098451397498	27.0	alt	faces	adult	adult-xx.jpg	0.0	0.402327718999004	False		
stimuli	/scratch/neuromod/src/task_stimuli/data/fLoc/stimuli/adult/adult-119.jpg	167.8844181499735	168.2845533459913	27.0	alt	faces	adult	adult-119.jpg	1.0	0.4001351960177999	False		
stimuli	/scratch/neuromod/src/task_stimuli/data/fLoc/.git/annex/objects/xP/W6/MD5E-s126257--ce289b89693b9ec555826971dd740634.jpg/MD5E-s126257--ce289b89693b9ec555826971dd740634.jpg	168.3812784779875	168.78457352798432	27.0	alt	faces	adult	adult-xx.jpg	2.0	0.40329504999681376	False		
stimuli	/scratch/neuromod/src/task_stimuli/data/fLoc/.git/annex/objects/WQ/j4/MD5E-s129828--abb7b79abc3c7203eb770fbfe8fab91c.jpg/MD5E-s129828--abb7b79abc3c7203eb770fbfe8fab91c.jpg	168.8844997839769	169.28151395899476	27.0	alt	faces	adult	adult-xx.jpg	3.0	0.39701417501783	False		
stimuli	/scratch/neuromod/src/task_stimuli/data/fLoc/.git/annex/objects/pZ/4p/MD5E-s122600--4ec23fb72bf647db160e59ef83eaf1c4.jpg/MD5E-s122600--4ec23fb72bf647db160e59ef83eaf1c4.jpg	169.3812284589803	169.78471164399525	27.0	alt	faces	adult	adult-xx.jpg	4.0	0.4034831850149203	False		
stimuli	/scratch/neuromod/src/task_stimuli/data/fLoc/.git/annex/objects/Mk/96/MD5E-s124513--30d53833b44fab63eae9ebcb34f8e5e5.jpg/MD5E-s124513--30d53833b44fab63eae9ebcb34f8e5e5.jpg	169.88196221299586	170.2692129139905	27.0	alt	faces	adult	adult-xx.jpg	5.0	0.3872507009946276	False		
stimuli	/scratch/neuromod/src/task_stimuli/data/fLoc/stimuli/adult/adult-50.jpg	170.3833306460001	170.76896781098912	27.0	alt	faces	adult	adult-50.jpg	6.0	0.3856371649890207	False		
stimuli	/scratch/neuromod/src/task_stimuli/data/fLoc/.git/annex/objects/pM/F2/MD5E-s125143--ed30b6f20751a51f46d1940f0fd6dcd1.jpg/MD5E-s125143--ed30b6f20751a51f46d1940f0fd6dcd1.jpg	170.86848001499308	171.26802253897768	27.0	alt	faces	adult	adult-xx.jpg	7.0	0.3995425239845645	False		
stimuli	/scratch/neuromod/src/task_stimuli/data/fLoc/.git/annex/objects/46/V0/MD5E-s131206--c673aebc638d689a6a359c851ebdb8e4.jpg/MD5E-s131206--c673aebc638d689a6a359c851ebdb8e4.jpg	171.3682511219813	171.76643011398846	27.0	alt	faces	adult	adult-xx.jpg	8.0	0.39817899200716056	False		
stimuli	/scratch/neuromod/src/task_stimuli/data/fLoc/.git/annex/objects/Z8/FM/MD5E-s125616--e1494e6661280d35213f36616d72fe9e.jpg/MD5E-s125616--e1494e6661280d35213f36616d72fe9e.jpg	171.86778924398826	172.26945016600075	27.0	alt	faces	adult	adult-xx.jpg	9.0	0.4016609220125247	False		
stimuli	/scratch/neuromod/src/task_stimuli/data/fLoc/.git/annex/objects/Zk/9W/MD5E-s121827--083b6d55c6d660088c8b9a61b3ba9bd1.jpg/MD5E-s121827--083b6d55c6d660088c8b9a61b3ba9bd1.jpg	172.3690313559782	172.7655585279863	27.0	alt	faces	adult	adult-xx.jpg	10.0	0.3965271720080637	False		
stimuli	/scratch/neuromod/src/task_stimuli/data/fLoc/.git/annex/objects/8z/04/MD5E-s126651--84f3d98949a2b1dcdaeb731db9957075.jpg/MD5E-s126651--84f3d98949a2b1dcdaeb731db9957075.jpg	172.84766644900085	173.2524553249823	27.0	alt	faces	adult	adult-xx.jpg	11.0	0.4047888759814669	False		
rest		173.26902444000007		28.0	alt	baseline							
stimuli	/scratch/neuromod/src/task_stimuli/data/fLoc/.git/annex/objects/K5/7J/MD5E-s145681--2fdc85f5ffba710ba4337be6006e5857.jpg/MD5E-s145681--2fdc85f5ffba710ba4337be6006e5857.jpg	179.3161120219738	179.7192427199916	29.0	alt	bodies	limb	limb-xx.jpg	0.0	0.403130698017776	False		
stimuli	/scratch/neuromod/src/task_stimuli/data/fLoc/.git/annex/objects/7Q/8W/MD5E-s154866--981d89366b0d0624dc6a024683ae38cc.jpg/MD5E-s154866--981d89366b0d0624dc6a024683ae38cc.jpg	179.81597226997837	180.21452437597327	29.0	alt	bodies	limb	limb-xx.jpg	1.0	0.3985521059948951	False		
stimuli	/scratch/neuromod/src/task_stimuli/data/fLoc/.git/annex/objects/9g/MQ/MD5E-s136238--10f0a624759358c061dbcaaf9bf278a1.jpg/MD5E-s136238--10f0a624759358c061dbcaaf9bf278a1.jpg	180.2991726780019	180.70199173997392	29.0	alt	bodies	limb	limb-xx.jpg	2.0	0.402819061971968	False		
stimuli	/scratch/neuromod/src/task_stimuli/data/fLoc/stimuli/limb/limb-119.jpg	180.80076420199475	181.19975447797333	29.0	alt	bodies	limb	limb-119.jpg	3.0	0.3989902759785764	False		
stimuli	/scratch/neuromod/src/task_stimuli/data/fLoc/.git/annex/objects/Pw/8f/MD5E-s147176--a4e96559972555ebacbfd2073b519b32.jpg/MD5E-s147176--a4e96559972555ebacbfd2073b519b32.jpg	181.29816744697743	181.7017595739744	29.0	alt	bodies	limb	limb-xx.jpg	4.0	0.4035921269969549	False		
stimuli	/scratch/neuromod/src/task_stimuli/data/fLoc/.git/annex/objects/38/zz/MD5E-s128102--7a0c3309ed93c68d9694fa5d75a632f4.jpg/MD5E-s128102--7a0c3309ed93c68d9694fa5d75a632f4.jpg	181.8018045689969	182.20026223600144	29.0	alt	bodies	limb	limb-xx.jpg	5.0	0.3984576670045499	False		
stimuli	/scratch/neuromod/src/task_stimuli/data/fLoc/.git/annex/objects/6p/w7/MD5E-s134790--7651771c958bfb641706b8e7c55312f9.jpg/MD5E-s134790--7651771c958bfb641706b8e7c55312f9.jpg	182.3001578069816	182.70180871299817	29.0	alt	bodies	limb	limb-xx.jpg	6.0	0.4016509060165845	False		
stimuli	/scratch/neuromod/src/task_stimuli/data/fLoc/.git/annex/objects/V4/8z/MD5E-s100978--ab5b7ae21c45561850b9d31739b8e792.jpg/MD5E-s100978--ab5b7ae21c45561850b9d31739b8e792.jpg	182.7840207830013	183.1811429169902	29.0	alt	bodies	limb	limb-xx.jpg	7.0	0.3971221339888871	False		
stimuli	/scratch/neuromod/src/task_stimuli/data/fLoc/.git/annex/objects/GP/w1/MD5E-s146909--d050a7f114924f98b541102f0ddc2d07.jpg/MD5E-s146909--d050a7f114924f98b541102f0ddc2d07.jpg	183.2836635929998	183.68271357897905	29.0	alt	bodies	limb	limb-xx.jpg	8.0	0.3990499859792181	False		
stimuli	/scratch/neuromod/src/task_stimuli/data/fLoc/.git/annex/objects/3f/Z7/MD5E-s123861--f6a2e8d2dab9205297195c44fc2784dc.jpg/MD5E-s123861--f6a2e8d2dab9205297195c44fc2784dc.jpg	183.78335185497417	184.18346886200013	29.0	alt	bodies	limb	limb-xx.jpg	9.0	0.4001170070259832	False		
stimuli	/scratch/neuromod/src/task_stimuli/data/fLoc/.git/annex/objects/x2/3k/MD5E-s100951--a360fe17e5c7ea714089fe10976b1daf.jpg/MD5E-s100951--a360fe17e5c7ea714089fe10976b1daf.jpg	184.28163344899082	184.6809447869892	29.0	alt	bodies	limb	limb-xx.jpg	10.0	0.3993113379983697	False		
stimuli	/scratch/neuromod/src/task_stimuli/data/fLoc/.git/annex/objects/X1/2q/MD5E-s142604--f2aba9c366dbde42a0c6e61518edbe51.jpg/MD5E-s142604--f2aba9c366dbde42a0c6e61518edbe51.jpg	184.76408416099733	185.16675569600196	29.0	alt	bodies	limb	limb-xx.jpg	11.0	0.4026715350046288	False		
stimuli	/scratch/neuromod/src/task_stimuli/data/fLoc/stimuli/corridor/corridor-73.jpg	185.28260811200016	185.66681169497315	30.0	alt	places	corridor	corridor-73.jpg	0.0	0.3842035829729866	False		
stimuli	/scratch/neuromod/src/task_stimuli/data/fLoc/.git/annex/objects/7J/KZ/MD5E-s115337--1c07fbab59dcd1663f39c11d5effce20.jpg/MD5E-s115337--1c07fbab59dcd1663f39c11d5effce20.jpg	185.76313218497668	186.1641201719758	30.0	alt	places	corridor	corridor-xx.jpg	1.0	0.4009879869990982	False		
stimuli	/scratch/neuromod/src/task_stimuli/data/fLoc/.git/annex/objects/j7/Vk/MD5E-s116720--1202c897c7912923106605fcd140d5ff.jpg/MD5E-s116720--1202c897c7912923106605fcd140d5ff.jpg	186.26312775697446	186.66674829597468	30.0	alt	places	corridor	corridor-xx.jpg	2.0	0.40362053900025785	False		
stimuli	/scratch/neuromod/src/task_stimuli/data/fLoc/.git/annex/objects/jW/2z/MD5E-s103813--5e54530af94feb5dc945965e2a3caf91.jpg/MD5E-s103813--5e54530af94feb5dc945965e2a3caf91.jpg	186.76311936197453	187.16420085798015	30.0	alt	places	corridor	corridor-xx.jpg	3.0	0.401081496005645	False		
stimuli	/scratch/neuromod/src/task_stimuli/data/fLoc/.git/annex/objects/qG/pV/MD5E-s105528--a683b71a35f768faac7be62eaec5983f.jpg/MD5E-s105528--a683b71a35f768faac7be62eaec5983f.jpg	187.26605491599187	187.66332710298596	30.0	alt	places	corridor	corridor-xx.jpg	4.0	0.39727218699408695	False		
stimuli	/scratch/neuromod/src/task_stimuli/data/fLoc/stimuli/corridor/corridor-97.jpg	187.74920711797319	188.15006096599973	30.0	alt	places	corridor	corridor-97.jpg	5.0	0.4008538480265997	False		
stimuli	/scratch/neuromod/src/task_stimuli/data/fLoc/.git/annex/objects/QW/Xq/MD5E-s133744--af126f44bfd8cb7f58c4c00746018219.jpg/MD5E-s133744--af126f44bfd8cb7f58c4c00746018219.jpg	188.2464145159756	188.65000319798125	30.0	alt	places	corridor	corridor-xx.jpg	6.0	0.4035886820056476	False		
stimuli	/scratch/neuromod/src/task_stimuli/data/fLoc/.git/annex/objects/QW/Xq/MD5E-s133744--af126f44bfd8cb7f58c4c00746018219.jpg/MD5E-s133744--af126f44bfd8cb7f58c4c00746018219.jpg	188.74918144097322	189.1474287149904	30.0	alt	places	corridor	corridor-xx.jpg	7.0	0.3982472740171943	True		
stimuli	/scratch/neuromod/src/task_stimuli/data/fLoc/.git/annex/objects/1J/2G/MD5E-s127033--614cd7b423261db1c5facd7ad947dca8.jpg/MD5E-s127033--614cd7b423261db1c5facd7ad947dca8.jpg	189.25087179499678	189.65045091099452	30.0	alt	places	corridor	corridor-xx.jpg	8.0	0.3995791159977671	False		
keypress		189.31530957398357			alt							0.566128133010352	OneBack
stimuli	/scratch/neuromod/src/task_stimuli/data/fLoc/.git/annex/objects/9q/1K/MD5E-s124305--e1d930b1636a86734cf8168fc61e1a12.jpg/MD5E-s124305--e1d930b1636a86734cf8168fc61e1a12.jpg	189.7474384050001	190.15009191900023	30.0	alt	places	corridor	corridor-xx.jpg	9.0	0.4026535140001215	False		
stimuli	/scratch/neuromod/src/task_stimuli/data/fLoc/.git/annex/objects/7P/Fw/MD5E-s114704--8c58da0dc7211140cd72e1d57c28c9d8.jpg/MD5E-s114704--8c58da0dc7211140cd72e1d57c28c9d8.jpg	190.23416574197472	190.6348653289897	30.0	alt	places	corridor	corridor-xx.jpg	10.0	0.40069958701496944	False		
stimuli	/scratch/neuromod/src/task_stimuli/data/fLoc/.git/annex/objects/4W/qz/MD5E-s117193--4a1d304af5d8d555d80c911826ef3f36.jpg/MD5E-s117193--4a1d304af5d8d555d80c911826ef3f36.jpg	190.7307299699751	191.1313212219975	30.0	alt	places	corridor	corridor-xx.jpg	11.0	0.4005912520224229	False		
stimuli	/scratch/neuromod/src/task_stimuli/data/fLoc/.git/annex/objects/V4/8z/MD5E-s100978--ab5b7ae21c45561850b9d31739b8e792.jpg/MD5E-s100978--ab5b7ae21c45561850b9d31739b8e792.jpg	191.23521307497867	191.63392083698997	31.0	alt	bodies	limb	limb-xx.jpg	0.0	0.3987077620113269	False		
stimuli	/scratch/neuromod/src/task_stimuli/data/fLoc/.git/annex/objects/x4/QK/MD5E-s132540--0984db477185f590075376afac712fff.jpg/MD5E-s132540--0984db477185f590075376afac712fff.jpg	191.73414314599358	192.13484869099918	31.0	alt	bodies	limb	limb-xx.jpg	1.0	0.4007055450056214	False		
stimuli	/scratch/neuromod/src/task_stimuli/data/fLoc/stimuli/limb/limb-113.jpg	192.23329162798473	192.61420935997742	31.0	alt	bodies	limb	limb-113.jpg	2.0	0.3809177319926675	False		
stimuli	/scratch/neuromod/src/task_stimuli/data/fLoc/.git/annex/objects/2V/K4/MD5E-s123546--e48f4024a296821d946b32836dd964ee.jpg/MD5E-s123546--e48f4024a296821d946b32836dd964ee.jpg	192.7326212129847	193.11759041197362	31.0	alt	bodies	limb	limb-xx.jpg	3.0	0.3849691989889834	False		
stimuli	/scratch/neuromod/src/task_stimuli/data/fLoc/.git/annex/objects/2V/K4/MD5E-s123546--e48f4024a296821d946b32836dd964ee.jpg/MD5E-s123546--e48f4024a296821d946b32836dd964ee.jpg	193.21652364498004	193.61450503297962	31.0	alt	bodies	limb	limb-xx.jpg	4.0	0.3979813879996073	True		
stimuli	/scratch/neuromod/src/task_stimuli/data/fLoc/stimuli/limb/limb-14.jpg	193.71890179297768	194.11816230599646	31.0	alt	bodies	limb	limb-14.jpg	5.0	0.3992605130188167	False		
keypress		193.72493596299321			alt							0.5084123180131428	OneBack
stimuli	/scratch/neuromod/src/task_stimuli/data/fLoc/.git/annex/objects/kw/gX/MD5E-s164246--37d7bfe2f9a3c1fb5849cf67cdfc7dbc.jpg/MD5E-s164246--37d7bfe2f9a3c1fb5849cf67cdfc7dbc.jpg	194.2139485339867	194.61813407097358	31.0	alt	bodies	limb	limb-xx.jpg	6.0	0.4041855369869154	False		
stimuli	/scratch/neuromod/src/task_stimuli/data/fLoc/stimuli/limb/limb-68.jpg	194.71654158699675	195.11661773797826	31.0	alt	bodies	limb	limb-68.jpg	7.0	0.4000761509814765	False		
stimuli	/scratch/neuromod/src/task_stimuli/data/fLoc/.git/annex/objects/p8/Gv/MD5E-s142691--0ff259fa66e8d8d18359e4cb4c7af31d.jpg/MD5E-s142691--0ff259fa66e8d8d18359e4cb4c7af31d.jpg	195.19647233799333	195.59788795799253	31.0	alt	bodies	limb	limb-xx.jpg	8.0	0.4014156199991703	False		
stimuli	/scratch/neuromod/src/task_stimuli/data/fLoc/.git/annex/objects/x2/3k/MD5E-s100951--a360fe17e5c7ea714089fe10976b1daf.jpg/MD5E-s100951--a360fe17e5c7ea714089fe10976b1daf.jpg	195.70213808998238	196.1024088859849	31.0	alt	bodies	limb	limb-xx.jpg	9.0	0.4002707960025873	False		
stimuli	/scratch/neuromod/src/task_stimuli/data/fLoc/.git/annex/objects/wK/4Q/MD5E-s117147--af2945585c5e41ddb0231a6d11bee416.jpg/MD5E-s117147--af2945585c5e41ddb0231a6d11bee416.jpg	196.2003888619947	196.60175311498458	31.0	alt	bodies	limb	limb-xx.jpg	10.0	0.4013642529898789	False		
stimuli	/scratch/neuromod/src/task_stimuli/data/fLoc/stimuli/limb/limb-63.jpg	196.69980332997508	197.1021095989854	31.0	alt	bodies	limb	limb-63.jpg	11.0	0.4023062690102961	False		
stimuli	/scratch/neuromod/src/task_stimuli/data/fLoc/stimuli/word/word-136.jpg	197.20082486697362	197.60140488299655	32.0	alt	characters	word	word-136.jpg	0.0	0.40058001602301374	False		
stimuli	/scratch/neuromod/src/task_stimuli/data/fLoc/.git/annex/objects/Jz/zX/MD5E-s144710--67100f2b4c64cdc9cfaa699570a3666b.jpg/MD5E-s144710--67100f2b4c64cdc9cfaa699570a3666b.jpg	197.68462194097808	198.08418486799926	32.0	alt	characters	word	word-xx.jpg	1.0	0.39956292702117935	False		
stimuli	/scratch/neuromod/src/task_stimuli/data/fLoc/.git/annex/objects/8q/Vv/MD5E-s152159--0aaf1007c832069a73f336379af1c7e5.jpg/MD5E-s152159--0aaf1007c832069a73f336379af1c7e5.jpg	198.1803840859793	198.58057162698242	32.0	alt	characters	word	word-xx.jpg	2.0	0.40018754100310616	False		
stimuli	/scratch/neuromod/src/task_stimuli/data/fLoc/.git/annex/objects/gf/xv/MD5E-s158479--a6911ce62ab1d14bb92989d1ff7258bf.jpg/MD5E-s158479--a6911ce62ab1d14bb92989d1ff7258bf.jpg	198.68360616697464	199.0839334719931	32.0	alt	characters	word	word-xx.jpg	3.0	0.40032730501843616	False		
stimuli	/scratch/neuromod/src/task_stimuli/data/fLoc/stimuli/word/word-34.jpg	199.18526536898568	199.58477335199126	32.0	alt	characters	word	word-34.jpg	4.0	0.3995079830056056	False		
stimuli	/scratch/neuromod/src/task_stimuli/data/fLoc/stimuli/word/word-39.jpg	199.68241984400086	200.06824899499767	32.0	alt	characters	word	word-39.jpg	5.0	0.38582915099686943	False		
stimuli	/scratch/neuromod/src/task_stimuli/data/fLoc/.git/annex/objects/ww/Kj/MD5E-s113279--6059794e6d8b2c85f15f17fb88846eca.jpg/MD5E-s113279--6059794e6d8b2c85f15f17fb88846eca.jpg	200.1824162909761	200.58361856098054	32.0	alt	characters	word	word-xx.jpg	6.0	0.4012022700044327	False		
stimuli	/scratch/neuromod/src/task_stimuli/data/fLoc/.git/annex/objects/5Q/gz/MD5E-s156102--e6b367c5530b90fe8dee613ad8ee3a68.jpg/MD5E-s156102--e6b367c5530b90fe8dee613ad8ee3a68.jpg	200.66689928798587	201.0670561179868	32.0	alt	characters	word	word-xx.jpg	7.0	0.400156830000924	False		
stimuli	/scratch/neuromod/src/task_stimuli/data/fLoc/.git/annex/objects/Wp/z1/MD5E-s107201--aaa80a7e6f6dcd495330039b1695ca45.jpg/MD5E-s107201--aaa80a7e6f6dcd495330039b1695ca45.jpg	201.16630182898368	201.56863885198254	32.0	alt	characters	word	word-xx.jpg	8.0	0.4023370229988359	False		
stimuli	/scratch/neuromod/src/task_stimuli/data/fLoc/.git/annex/objects/Zw/9v/MD5E-s157908--7c1f83df3583cee7ad340eab41c68ee0.jpg/MD5E-s157908--7c1f83df3583cee7ad340eab41c68ee0.jpg	201.66787595397912	202.06571073600207	32.0	alt	characters	word	word-xx.jpg	9.0	0.3978347820229829	False		
stimuli	/scratch/neuromod/src/task_stimuli/data/fLoc/.git/annex/objects/p7/G0/MD5E-s104845--622d67989040a88ced195747308defaf.jpg/MD5E-s104845--622d67989040a88ced195747308defaf.jpg	202.1640042959771	202.56578466299104	32.0	alt	characters	word	word-xx.jpg	10.0	0.4017803670139983	False		
stimuli	/scratch/neuromod/src/task_stimuli/data/fLoc/stimuli/word/word-2.jpg	202.64689139300026	203.0488720430003	32.0	alt	characters	word	word-2.jpg	11.0	0.40198065000004135	False		
stimuli	/scratch/neuromod/src/task_stimuli/data/fLoc/.git/annex/objects/fz/7x/MD5E-s122255--1d213b57281a8daa20dc3d07dd15a0e3.jpg/MD5E-s122255--1d213b57281a8daa20dc3d07dd15a0e3.jpg	203.14726669399533	203.54732762699126	33.0	alt	objects	instrument	instrument-xx.jpg	0.0	0.4000609329959843	False		
stimuli	/scratch/neuromod/src/task_stimuli/data/fLoc/.git/annex/objects/W2/JZ/MD5E-s164958--94559e23566e83b4d0e8cc8d9581f0ee.jpg/MD5E-s164958--94559e23566e83b4d0e8cc8d9581f0ee.jpg	203.65126644299016	204.05156846597674	33.0	alt	objects	instrument	instrument-xx.jpg	1.0	0.4003020229865797	False		
stimuli	/scratch/neuromod/src/task_stimuli/data/fLoc/.git/annex/objects/7p/Vp/MD5E-s150897--796ee3e74a69e9c3d1c54f3260aa8757.jpg/MD5E-s150897--796ee3e74a69e9c3d1c54f3260aa8757.jpg	204.14971666497883	204.54968268799712	33.0	alt	objects	instrument	instrument-xx.jpg	2.0	0.3999660230183508	False		
stimuli	/scratch/neuromod/src/task_stimuli/data/fLoc/.git/annex/objects/7p/Vp/MD5E-s150897--796ee3e74a69e9c3d1c54f3260aa8757.jpg/MD5E-s150897--796ee3e74a69e9c3d1c54f3260aa8757.jpg	204.65122828399763	205.04712371699858	33.0	alt	objects	instrument	instrument-xx.jpg	3.0	0.3958954330009874	True		
stimuli	/scratch/neuromod/src/task_stimuli/data/fLoc/.git/annex/objects/qP/Mp/MD5E-s101039--b55909e8ea376c6b870fbdd406cec0f9.jpg/MD5E-s101039--b55909e8ea376c6b870fbdd406cec0f9.jpg	205.1311306929856	205.53097504499598	33.0	alt	objects	instrument	instrument-xx.jpg	4.0	0.3998443520104047	False		
keypress		205.07726426699082			alt							0.42603598299319856	OneBack
stimuli	/scratch/neuromod/src/task_stimuli/data/fLoc/.git/annex/objects/jk/P6/MD5E-s134048--5656d470d6b505ed3812107c75a48b4e.jpg/MD5E-s134048--5656d470d6b505ed3812107c75a48b4e.jpg	205.62934798598874	206.03637583099768	33.0	alt	objects	instrument	instrument-xx.jpg	5.0	0.4070278450089973	False		
stimuli	/scratch/neuromod/src/task_stimuli/data/fLoc/.git/annex/objects/K5/94/MD5E-s146609--03d14d97c570b6ac7b36e0e4e064c7fc.jpg/MD5E-s146609--03d14d97c570b6ac7b36e0e4e064c7fc.jpg	206.13348265099918	206.53449958699642	33.0	alt	objects	instrument	instrument-xx.jpg	6.0	0.4010169359971769	False		
stimuli	/scratch/neuromod/src/task_stimuli/data/fLoc/.git/annex/objects/Qp/k7/MD5E-s154292--65d3d06d0838716e285d09771a934899.jpg/MD5E-s154292--65d3d06d0838716e285d09771a934899.jpg	206.63056018497448	207.036083458981	33.0	alt	objects	instrument	instrument-xx.jpg	7.0	0.4055232740065549	False		
stimuli	/scratch/neuromod/src/task_stimuli/data/fLoc/.git/annex/objects/1w/XJ/MD5E-s100744--a389bf9d207ede676777c23b803d529a.jpg/MD5E-s100744--a389bf9d207ede676777c23b803d529a.jpg	207.13278208798144	207.5323402879876	33.0	alt	objects	instrument	instrument-xx.jpg	8.0	0.3995582000061404	False		
stimuli	/scratch/neuromod/src/task_stimuli/data/fLoc/.git/annex/objects/WZ/55/MD5E-s114915--2296e8f7afeae799a09d1edc8761cafa.jpg/MD5E-s114915--2296e8f7afeae799a09d1edc8761cafa.jpg	207.63336015597446	208.032967059	33.0	alt	objects	instrument	instrument-xx.jpg	9.0	0.3996069030254148	False		
stimuli	/scratch/neuromod/src/task_stimuli/data/fLoc/.git/annex/objects/K0/Gj/MD5E-s146892--cb5cee45bdcc41ea3c8c1e47b2f5cf92.jpg/MD5E-s146892--cb5cee45bdcc41ea3c8c1e47b2f5cf92.jpg	208.1184928509756	208.51942093198886	33.0	alt	objects	instrument	instrument-xx.jpg	10.0	0.4009280810132623	False		
stimuli	/scratch/neuromod/src/task_stimuli/data/fLoc/.git/annex/objects/vZ/Q1/MD5E-s125233--1c9c0872cea679898764fba44bc92fe7.jpg/MD5E-s125233--1c9c0872cea679898764fba44bc92fe7.jpg	208.61715587298386	209.01904068898875	33.0	alt	objects	instrument	instrument-xx.jpg	11.0	0.4018848160048947	False		
stimuli	/scratch/neuromod/src/task_stimuli/data/fLoc/.git/annex/objects/vq/W8/MD5E-s132582--4318a936076c9f084f650fa42b0dcad5.jpg/MD5E-s132582--4318a936076c9f084f650fa42b0dcad5.jpg	209.11745235999115	209.5194019529736	34.0	alt	faces	adult	adult-xx.jpg	0.0	0.4019495929824189	False		
stimuli	/scratch/neuromod/src/task_stimuli/data/fLoc/.git/annex/objects/26/kJ/MD5E-s130264--ce5e0576251dc5ba881b4ce11ed606a8.jpg/MD5E-s130264--ce5e0576251dc5ba881b4ce11ed606a8.jpg	209.61341450500183	210.01885822098117	34.0	alt	faces	adult	adult-xx.jpg	1.0	0.4054437159793451	False		
stimuli	/scratch/neuromod/src/task_stimuli/data/fLoc/.git/annex/objects/3Q/w3/MD5E-s101909--69e636155d7d5661b2b02d37e5915aef.jpg/MD5E-s101909--69e636155d7d5661b2b02d37e5915aef.jpg	210.0966772259853	210.50168519699943	34.0	alt	faces	adult	adult-xx.jpg	2.0	0.405007971014129	False		
stimuli	/scratch/neuromod/src/task_stimuli/data/fLoc/.git/annex/objects/w8/FM/MD5E-s125906--b25da23825c6ee6d37ee188f36745a72.jpg/MD5E-s125906--b25da23825c6ee6d37ee188f36745a72.jpg	210.59937191399516	210.9974455169868	34.0	alt	faces	adult	adult-xx.jpg	3.0	0.3980736029916443	False		
stimuli	/scratch/neuromod/src/task_stimuli/data/fLoc/.git/annex/objects/vp/PQ/MD5E-s142968--231470824ba29997a36a775775e61637.jpg/MD5E-s142968--231470824ba29997a36a775775e61637.jpg	211.1019260179892	211.50041681999573	34.0	alt	faces	adult	adult-xx.jpg	4.0	0.3984908020065632	False		
stimuli	/scratch/neuromod/src/task_stimuli/data/fLoc/stimuli/adult/adult-6.jpg	211.60175363498277	211.99670467499527	34.0	alt	faces	adult	adult-6.jpg	5.0	0.3949510400125291	False		
stimuli	/scratch/neuromod/src/task_stimuli/data/fLoc/.git/annex/objects/Zk/9W/MD5E-s121827--083b6d55c6d660088c8b9a61b3ba9bd1.jpg/MD5E-s121827--083b6d55c6d660088c8b9a61b3ba9bd1.jpg	212.09665213499105	212.49951243397663	34.0	alt	faces	adult	adult-xx.jpg	6.0	0.4028602989856154	False		
stimuli	/scratch/neuromod/src/task_stimuli/data/fLoc/.git/annex/objects/G1/6P/MD5E-s153535--8c6d68e47896463733457991f83ba217.jpg/MD5E-s153535--8c6d68e47896463733457991f83ba217.jpg	212.58460846799423	212.98382165798103	34.0	alt	faces	adult	adult-xx.jpg	7.0	0.3992131899867673	False		
stimuli	/scratch/neuromod/src/task_stimuli/data/fLoc/stimuli/adult/adult-24.jpg	213.0849553479929	213.4845709700021	34.0	alt	faces	adult	adult-24.jpg	8.0	0.3996156220091507	False		
stimuli	/scratch/neuromod/src/task_stimuli/data/fLoc/.git/annex/objects/4m/k6/MD5E-s120871--febfb2d3b7832f9d2526347586189eea.jpg/MD5E-s120871--febfb2d3b7832f9d2526347586189eea.jpg	213.5813093670004	213.98021059698658	34.0	alt	faces	adult	adult-xx.jpg	9.0	0.3989012299862225	False		
stimuli	/scratch/neuromod/src/task_stimuli/data/fLoc/stimuli/adult/adult-58.jpg	214.0829046369763	214.4852117759874	34.0	alt	faces	adult	adult-58.jpg	10.0	0.4023071390110999	False		
stimuli	/scratch/neuromod/src/task_stimuli/data/fLoc/stimuli/adult/adult-48.jpg	214.5801355779986	214.98379684198883	34.0	alt	faces	adult	adult-48.jpg	11.0	0.403661263990216	False		
rest		214.9966224359814		35.0	alt	baseline							
